post_id,umap1,umap2,cluster,cluster_label
1020p6l,7.559666,6.3825755,1,Post-Chemo Hair Regrowth
1025pfq,6.752249,8.786983,2,Post-Treatment Side Effects
1039yoe,3.519847,5.7322907,4,Chemo Curls Hair Care
107lr95,4.829256,5.280717,3,Hair Loss & Regrowth Journey
1085h65,6.3171024,4.3130026,3,Hair Loss & Regrowth Journey
10b14li,6.5141425,8.71151,1,Post-Chemo Hair Regrowth
10bccc4,7.92836,8.259378,1,Post-Chemo Hair Regrowth
10fh1pu,7.497768,7.662009,1,Post-Chemo Hair Regrowth
10fr1er,5.58641,5.9526057,1,Post-Chemo Hair Regrowth
10g9j1i,6.214698,3.9387848,3,Hair Loss & Regrowth Journey
10g9rsy,7.5745497,2.725052,5,Emotional Struggles Post-Treatment
10h474v,5.698851,5.86595,3,Hair Loss & Regrowth Journey
10hckcs,2.19882,5.9527183,4,Chemo Curls Hair Care
10l6nwr,2.82485,6.2618055,4,Chemo Curls Hair Care
10m8c70,2.8146014,6.332457,4,Chemo Curls Hair Care
10sslga,8.11748,6.2819705,3,Hair Loss & Regrowth Journey
10tkg22,8.986452,1.2067306,6,Milestones and Survivorship Updates
10ur0nj,7.113453,2.4997523,5,Emotional Struggles Post-Treatment
10w6hzc,6.3871684,8.008399,1,Post-Chemo Hair Regrowth
10wmnv5,3.4448802,5.5781302,4,Chemo Curls Hair Care
10xvgkt,6.3799634,5.8564224,3,Hair Loss & Regrowth Journey
10y95p1,3.9865842,7.215274,4,Chemo Curls Hair Care
10y9bb3,6.061503,7.9136043,6,Milestones and Survivorship Updates
10zsu23,4.2289715,6.6223555,3,Hair Loss & Regrowth Journey
110iuzx,7.669756,6.4191313,1,Post-Chemo Hair Regrowth
1128e35,9.408751,3.4576507,2,Post-Treatment Side Effects
1129gnl,6.442436,8.453936,1,Post-Chemo Hair Regrowth
112hjfz,6.23978,5.1474667,3,Hair Loss & Regrowth Journey
112xbeb,8.181067,3.477569,2,Post-Treatment Side Effects
112zllp,8.607143,1.7640188,6,Milestones and Survivorship Updates
114jwyc,2.7196913,6.231387,4,Chemo Curls Hair Care
114s1zi,2.703074,6.2920475,4,Chemo Curls Hair Care
115x7r5,2.9736469,5.6487527,4,Chemo Curls Hair Care
116pihh,3.0816734,6.514581,4,Chemo Curls Hair Care
116s9a0,10.629247,3.185561,3,Hair Loss & Regrowth Journey
117glmj,2.16404,6.2800207,4,Chemo Curls Hair Care
118h9pg,6.4032826,6.124304,2,Post-Treatment Side Effects
11bm4yg,4.7713823,4.9324455,3,Hair Loss & Regrowth Journey
11e5m9r,7.002927,7.5444593,1,Post-Chemo Hair Regrowth
11eo7q4,9.4203,1.9855447,6,Milestones and Survivorship Updates
11jrd6g,9.56584,2.5285213,6,Milestones and Survivorship Updates
11n6wf7,9.833379,2.936688,6,Milestones and Survivorship Updates
11olonk,8.620031,7.812222,1,Post-Chemo Hair Regrowth
11qkeni,8.530847,1.6026676,5,Emotional Struggles Post-Treatment
11znsnf,9.44371,1.5140157,6,Milestones and Survivorship Updates
123xgvr,4.133418,6.601046,3,Hair Loss & Regrowth Journey
125w196,2.7998514,6.1274667,4,Chemo Curls Hair Care
126ybya,9.991733,2.6219416,2,Post-Treatment Side Effects
128p3fx,7.930123,6.9001637,1,Post-Chemo Hair Regrowth
12l610d,5.8057117,4.2332067,3,Hair Loss & Regrowth Journey
12mb6yz,5.0661697,7.5831165,1,Post-Chemo Hair Regrowth
12nmyoq,9.867326,2.899873,2,Post-Treatment Side Effects
12rk0bn,2.9100125,5.5985837,4,Chemo Curls Hair Care
12s2plw,8.832071,3.947952,2,Post-Treatment Side Effects
130q481,8.327562,7.236699,1,Post-Chemo Hair Regrowth
13131bk,10.226764,1.8454143,6,Milestones and Survivorship Updates
1348p9c,9.00725,1.5495911,6,Milestones and Survivorship Updates
1360iwv,8.66948,2.9126446,2,Post-Treatment Side Effects
1375jcf,9.653624,1.8323855,6,Milestones and Survivorship Updates
138tvw3,9.661728,1.530385,6,Milestones and Survivorship Updates
1398qvs,5.754398,6.0417833,3,Hair Loss & Regrowth Journey
13e77i7,6.927764,6.8159366,1,Post-Chemo Hair Regrowth
13h0v37,3.296126,5.190706,4,Chemo Curls Hair Care
13hhucp,7.491866,6.945321,1,Post-Chemo Hair Regrowth
13ijh6s,9.616179,1.2491013,6,Milestones and Survivorship Updates
13iks29,6.3905797,6.078523,3,Hair Loss & Regrowth Journey
13k2agz,6.6027226,7.3043065,1,Post-Chemo Hair Regrowth
13kqumb,10.025713,2.5360389,6,Milestones and Survivorship Updates
13mogl1,8.931315,7.687188,2,Post-Treatment Side Effects
13t748t,4.8250666,5.2320156,1,Post-Chemo Hair Regrowth
13tjc2k,6.4499135,7.4415193,1,Post-Chemo Hair Regrowth
13weme4,7.784167,7.6127996,1,Post-Chemo Hair Regrowth
146xrf7,8.99274,5.031357,2,Post-Treatment Side Effects
148g78x,7.7446985,2.554605,5,Emotional Struggles Post-Treatment
148um5q,8.655586,2.871762,2,Post-Treatment Side Effects
149xarl,9.141059,2.517012,2,Post-Treatment Side Effects
14dw5r2,8.313139,7.512812,3,Hair Loss & Regrowth Journey
14gbqex,9.028047,4.923004,2,Post-Treatment Side Effects
14h6gtb,4.988699,7.057319,1,Post-Chemo Hair Regrowth
14haxsf,8.518288,2.9413033,5,Emotional Struggles Post-Treatment
14i02vy,5.2940807,7.4966974,1,Post-Chemo Hair Regrowth
14ixz2b,6.872657,8.190821,1,Post-Chemo Hair Regrowth
14jvfrs,6.293604,8.633363,1,Post-Chemo Hair Regrowth
14k12v9,6.57913,8.587763,1,Post-Chemo Hair Regrowth
14k1xnf,9.360197,1.7085471,6,Milestones and Survivorship Updates
14p5caa,3.1545517,5.2455683,4,Chemo Curls Hair Care
14q7puj,6.436654,5.0284066,3,Hair Loss & Regrowth Journey
14rb6z0,8.02887,7.803823,1,Post-Chemo Hair Regrowth
14tm3tb,7.1197915,3.625994,5,Emotional Struggles Post-Treatment
14wd3tm,6.7633753,7.486475,1,Post-Chemo Hair Regrowth
14wgsz9,2.8204422,5.901474,4,Chemo Curls Hair Care
14x2pjo,9.228658,2.5979812,2,Post-Treatment Side Effects
14xjqw5,3.0536053,6.355947,4,Chemo Curls Hair Care
14z48km,5.7939806,8.377226,1,Post-Chemo Hair Regrowth
14zo8nl,7.015324,7.507653,1,Post-Chemo Hair Regrowth
14zqllg,4.563875,6.084994,3,Hair Loss & Regrowth Journey
150pgvq,3.9080095,7.202537,4,Chemo Curls Hair Care
151l9e8,5.867252,7.5972433,1,Post-Chemo Hair Regrowth
151owr8,7.264458,7.0181136,1,Post-Chemo Hair Regrowth
1527uw4,5.469843,7.129194,1,Post-Chemo Hair Regrowth
152yeim,7.83615,1.7664208,5,Emotional Struggles Post-Treatment
152yeym,7.7219405,1.8022597,5,Emotional Struggles Post-Treatment
153fteu,8.234031,4.085787,2,Post-Treatment Side Effects
1549k2l,6.683117,7.4535546,1,Post-Chemo Hair Regrowth
158kfyv,3.199601,5.2922726,4,Chemo Curls Hair Care
15ar9jx,6.2938333,7.204368,1,Post-Chemo Hair Regrowth
15dlv0n,7.2695417,2.3544312,5,Emotional Struggles Post-Treatment
15dlx78,7.2128,2.3707664,5,Emotional Struggles Post-Treatment
15j5510,7.0148425,6.1881204,3,Hair Loss & Regrowth Journey
15oqb9y,9.190048,1.8676573,6,Milestones and Survivorship Updates
15q2itk,4.759267,5.609028,3,Hair Loss & Regrowth Journey
15r0qsn,5.140557,5.244536,3,Hair Loss & Regrowth Journey
15s32xd,6.2039127,4.57552,3,Hair Loss & Regrowth Journey
15tak9l,7.1276784,7.5074797,1,Post-Chemo Hair Regrowth
15taxr3,9.218303,1.432202,6,Milestones and Survivorship Updates
15u5dtj,7.87187,2.0395806,5,Emotional Struggles Post-Treatment
15x9tcl,6.4999266,8.255362,1,Post-Chemo Hair Regrowth
15yldo5,4.0872555,7.128749,3,Hair Loss & Regrowth Journey
164l4wo,9.566257,2.6803613,6,Milestones and Survivorship Updates
164u3d5,4.173785,6.342572,3,Hair Loss & Regrowth Journey
168kaaa,7.184477,6.8056574,1,Post-Chemo Hair Regrowth
168zmc6,6.392167,8.223184,1,Post-Chemo Hair Regrowth
1691wuk,7.4070597,7.4398484,1,Post-Chemo Hair Regrowth
169cft5,9.114279,1.4417189,6,Milestones and Survivorship Updates
16cx6u0,6.7426744,8.429098,1,Post-Chemo Hair Regrowth
16gdumk,8.719849,7.8965206,1,Post-Chemo Hair Regrowth
16gpyhi,8.261204,6.4824486,1,Post-Chemo Hair Regrowth
16ixfon,9.4483385,1.3467529,6,Milestones and Survivorship Updates
16jl6dn,7.2623086,6.4202886,1,Post-Chemo Hair Regrowth
16jyto3,9.599528,3.7356067,2,Post-Treatment Side Effects
16k6r2o,4.730827,6.147027,3,Hair Loss & Regrowth Journey
16n369w,9.378717,5.571548,2,Post-Treatment Side Effects
16oj56l,6.6070333,7.43227,1,Post-Chemo Hair Regrowth
16pgjd9,7.3845716,2.0266192,5,Emotional Struggles Post-Treatment
16rv7er,7.345996,6.5288224,1,Post-Chemo Hair Regrowth
16u3gwo,3.1441925,5.122811,4,Chemo Curls Hair Care
16wlqqx,2.563706,5.9827676,4,Chemo Curls Hair Care
16xrak4,10.2121525,2.1687007,2,Post-Treatment Side Effects
16z3kgu,2.1787012,6.67546,4,Chemo Curls Hair Care
16zx4iy,9.201676,3.3712547,2,Post-Treatment Side Effects
170ozr0,2.5678563,5.6549196,4,Chemo Curls Hair Care
170qwr3,5.0273275,4.546399,3,Hair Loss & Regrowth Journey
173iwda,2.3657932,6.746312,4,Chemo Curls Hair Care
173ixto,2.4449658,6.8110013,4,Chemo Curls Hair Care
173izmu,2.316111,6.8271265,4,Chemo Curls Hair Care
173j0pf,2.281519,6.7813225,4,Chemo Curls Hair Care
174z0z7,6.017601,6.755444,3,Hair Loss & Regrowth Journey
175tc2m,4.727295,7.8607097,1,Post-Chemo Hair Regrowth
1789va3,6.287537,5.760608,3,Hair Loss & Regrowth Journey
179syo0,4.14343,7.289674,3,Hair Loss & Regrowth Journey
17a76vz,5.1914077,6.668206,4,Chemo Curls Hair Care
17bn9bw,4.1337986,5.2687755,3,Hair Loss & Regrowth Journey
17cu550,4.7561903,5.2494683,3,Hair Loss & Regrowth Journey
17dlvmr,6.2193656,6.906702,1,Post-Chemo Hair Regrowth
17eo4rc,7.6630015,2.5996525,5,Emotional Struggles Post-Treatment
17fxozb,7.1129985,7.7153726,1,Post-Chemo Hair Regrowth
17gkjjt,6.3771544,8.354056,1,Post-Chemo Hair Regrowth
17hl7w1,4.680357,4.564459,3,Hair Loss & Regrowth Journey
17j6mry,2.502071,6.1336937,4,Chemo Curls Hair Care
17oh1uo,7.453886,7.9436355,1,Post-Chemo Hair Regrowth
17qdqxl,6.874843,4.2170434,3,Hair Loss & Regrowth Journey
17qq4oq,8.059649,6.018717,1,Post-Chemo Hair Regrowth
17r8c3b,6.2447824,5.1055036,3,Hair Loss & Regrowth Journey
17tn4ki,8.325398,7.4860997,1,Post-Chemo Hair Regrowth
17tz4jl,5.590585,5.690186,3,Hair Loss & Regrowth Journey
17uzk9s,8.06178,2.147544,2,Post-Treatment Side Effects
17v2ics,8.585213,7.763462,1,Post-Chemo Hair Regrowth
17ylwef,9.009181,3.3504188,2,Post-Treatment Side Effects
17zqlid,1.768699,6.5130496,4,Chemo Curls Hair Care
186ulxk,8.741784,7.562431,3,Hair Loss & Regrowth Journey
187qzs0,3.3101523,6.2611127,4,Chemo Curls Hair Care
188qvdk,8.388677,7.551543,3,Hair Loss & Regrowth Journey
189r00l,10.059397,2.6623647,2,Post-Treatment Side Effects
18auy87,9.445865,4.0212007,2,Post-Treatment Side Effects
18b3p6d,7.7767243,2.1314685,5,Emotional Struggles Post-Treatment
18brgrz,6.4700046,8.666435,1,Post-Chemo Hair Regrowth
18culki,2.001602,6.565021,4,Chemo Curls Hair Care
18dsmzu,8.715376,7.9144015,1,Post-Chemo Hair Regrowth
18dy6wo,7.505767,3.2379901,5,Emotional Struggles Post-Treatment
18e0lmg,8.396072,7.90612,1,Post-Chemo Hair Regrowth
18e7suv,5.663857,6.2827883,3,Hair Loss & Regrowth Journey
18fabdk,4.5213227,4.6179357,3,Hair Loss & Regrowth Journey
18hko7b,9.837205,1.5005509,6,Milestones and Survivorship Updates
18hyzue,8.196047,8.317789,1,Post-Chemo Hair Regrowth
18icxr6,9.577019,3.5757434,2,Post-Treatment Side Effects
18ko909,8.035654,2.8501515,5,Emotional Struggles Post-Treatment
18litsi,7.2300134,6.5073085,3,Hair Loss & Regrowth Journey
18mk9hx,2.3288498,6.6749096,4,Chemo Curls Hair Care
18n6pup,7.219455,6.5686207,3,Hair Loss & Regrowth Journey
18pnudo,9.150903,3.939801,2,Post-Treatment Side Effects
18ptouj,9.427593,3.5628965,2,Post-Treatment Side Effects
18q3vxn,3.0295424,5.8530793,4,Chemo Curls Hair Care
18t8gf1,1.9711312,6.6107736,4,Chemo Curls Hair Care
18tvpg9,8.670186,6.3415112,1,Post-Chemo Hair Regrowth
18u9nom,8.947241,1.5299155,6,Milestones and Survivorship Updates
18vznfs,7.8725057,2.335931,5,Emotional Struggles Post-Treatment
18xucc9,1.7155294,6.6557317,4,Chemo Curls Hair Care
18y0y5g,6.9337196,7.171819,1,Post-Chemo Hair Regrowth
18yqksq,8.2289505,6.3066688,1,Post-Chemo Hair Regrowth
18yqqdc,8.215374,6.271856,1,Post-Chemo Hair Regrowth
19239qh,6.6114774,8.676134,1,Post-Chemo Hair Regrowth
192fjv9,9.206189,2.9654849,2,Post-Treatment Side Effects
194k1iy,6.7591724,6.5802255,1,Post-Chemo Hair Regrowth
194lrri,10.075553,2.323402,2,Post-Treatment Side Effects
194om37,7.053197,7.3508077,1,Post-Chemo Hair Regrowth
195b7dt,7.1574726,5.162404,2,Post-Treatment Side Effects
195bkj9,5.617625,7.831522,4,Chemo Curls Hair Care
198ndsx,4.9002767,7.9946547,1,Post-Chemo Hair Regrowth
199im71,7.9429684,1.7131034,5,Emotional Struggles Post-Treatment
19b568m,10.003045,2.7914674,6,Milestones and Survivorship Updates
19bjln9,8.636884,6.3251677,1,Post-Chemo Hair Regrowth
19bqufe,7.8994164,6.6622467,1,Post-Chemo Hair Regrowth
19bxpbw,9.608388,3.6687202,2,Post-Treatment Side Effects
19cefs7,2.533798,6.3036942,4,Chemo Curls Hair Care
19d5cbs,9.96468,2.478049,2,Post-Treatment Side Effects
19dr90t,3.284309,5.5584483,4,Chemo Curls Hair Care
19e54q6,2.7326968,5.7430067,4,Chemo Curls Hair Care
19ebltc,7.0021887,6.8819876,1,Post-Chemo Hair Regrowth
1abo14p,7.5708814,6.9679184,1,Post-Chemo Hair Regrowth
1abqeu5,6.8903656,6.762564,1,Post-Chemo Hair Regrowth
1acp6wn,8.666491,6.2841635,3,Hair Loss & Regrowth Journey
1adh45z,9.303988,1.9344459,6,Milestones and Survivorship Updates
1aefhdt,9.443929,1.5619515,6,Milestones and Survivorship Updates
1aejmye,6.7257714,4.609856,3,Hair Loss & Regrowth Journey
1ahbm76,6.7131343,7.103486,1,Post-Chemo Hair Regrowth
1ai1xwu,3.0857434,5.1435685,4,Chemo Curls Hair Care
1ak6dze,6.750427,7.881279,1,Post-Chemo Hair Regrowth
1anz352,8.73328,2.7708533,2,Post-Treatment Side Effects
1aqfkqr,2.6867995,5.9658384,4,Chemo Curls Hair Care
1artg2r,6.8522015,4.6007648,3,Hair Loss & Regrowth Journey
1asaout,8.85746,3.378441,2,Post-Treatment Side Effects
1au8pug,4.2779484,5.004876,3,Hair Loss & Regrowth Journey
1avejkl,6.8676605,7.6489177,1,Post-Chemo Hair Regrowth
1axacau,10.039509,2.0805502,6,Milestones and Survivorship Updates
1axis0l,8.513601,1.1805648,6,Milestones and Survivorship Updates
1b0lako,8.37838,2.422741,6,Milestones and Survivorship Updates
1b1pa9m,5.9931674,7.017228,1,Post-Chemo Hair Regrowth
1b4a7n4,9.29014,1.7702724,6,Milestones and Survivorship Updates
1b8rut6,6.6343465,5.3136044,3,Hair Loss & Regrowth Journey
1bcih88,6.821177,7.3404346,1,Post-Chemo Hair Regrowth
1bcmks7,2.4571097,6.476657,4,Chemo Curls Hair Care
1beyrgw,9.835379,2.133511,6,Milestones and Survivorship Updates
1bfqqes,8.711052,1.1573185,6,Milestones and Survivorship Updates
1bhka2c,7.8746533,1.7454185,5,Emotional Struggles Post-Treatment
1biwubh,3.731349,4.9478445,4,Chemo Curls Hair Care
1bjf2jl,7.491095,6.4466324,1,Post-Chemo Hair Regrowth
1bkairf,6.893412,8.309102,1,Post-Chemo Hair Regrowth
1bknok6,7.57278,2.862276,5,Emotional Struggles Post-Treatment
1bm5r92,5.781937,7.4311094,1,Post-Chemo Hair Regrowth
1bn7uxe,5.1766644,7.9273343,1,Post-Chemo Hair Regrowth
1bng7ar,7.905155,2.9157646,5,Emotional Struggles Post-Treatment
1bnicp9,8.327399,7.523162,3,Hair Loss & Regrowth Journey
1bo5vy8,8.3728895,6.5744123,1,Post-Chemo Hair Regrowth
1boxo3o,2.4309742,6.0696535,4,Chemo Curls Hair Care
1bq6jy5,10.084832,2.4113622,6,Milestones and Survivorship Updates
1bs9j7f,5.0051103,6.4223814,3,Hair Loss & Regrowth Journey
1bsko6x,8.081725,7.830568,1,Post-Chemo Hair Regrowth
1bt5i35,8.593989,3.011004,2,Post-Treatment Side Effects
1bu6e5y,4.796416,7.632389,1,Post-Chemo Hair Regrowth
1bv1xmc,7.5681643,7.3655944,2,Post-Treatment Side Effects
1bwyx8h,9.083366,1.3782915,6,Milestones and Survivorship Updates
1byk8o8,6.341077,8.009622,1,Post-Chemo Hair Regrowth
1c0sh44,8.370824,7.553732,3,Hair Loss & Regrowth Journey
1c0tfyv,9.420465,1.6790491,6,Milestones and Survivorship Updates
1c1lzmi,8.137376,1.6156652,5,Emotional Struggles Post-Treatment
1c342f5,5.620317,5.8379154,3,Hair Loss & Regrowth Journey
1c4s1wg,7.207784,8.088722,1,Post-Chemo Hair Regrowth
1c5o9f1,8.055328,1.7583203,5,Emotional Struggles Post-Treatment
1c5vy33,4.9199724,6.0869308,3,Hair Loss & Regrowth Journey
1c6dgra,7.7020526,2.459913,5,Emotional Struggles Post-Treatment
1c7dini,2.137231,6.2393255,4,Chemo Curls Hair Care
1c7dryq,1.7313775,6.7171597,4,Chemo Curls Hair Care
1c7k1o1,8.470399,2.4026444,5,Emotional Struggles Post-Treatment
1c8gxek,4.7917533,6.803494,4,Chemo Curls Hair Care
1c9j8rk,3.767495,5.277339,4,Chemo Curls Hair Care
1c9orzr,9.644976,2.8400338,6,Milestones and Survivorship Updates
1cc0rnl,5.0468535,7.79833,1,Post-Chemo Hair Regrowth
1cc736h,7.309038,3.2861378,5,Emotional Struggles Post-Treatment
1cc7fle,7.2941422,3.1869211,5,Emotional Struggles Post-Treatment
1cesjpe,6.595865,5.947878,3,Hair Loss & Regrowth Journey
1cexjko,4.767451,4.414148,6,Milestones and Survivorship Updates
1cfuc0m,5.4699483,7.037713,1,Post-Chemo Hair Regrowth
1chkbag,3.3745592,5.951513,4,Chemo Curls Hair Care
1cigsq3,7.264264,7.545676,1,Post-Chemo Hair Regrowth
1cizak4,6.7017345,7.7280035,1,Post-Chemo Hair Regrowth
1cj0kxu,6.6178966,5.3664575,3,Hair Loss & Regrowth Journey
1cjtdkc,8.76108,7.912464,1,Post-Chemo Hair Regrowth
1ck5eyf,6.6689715,7.0439296,1,Post-Chemo Hair Regrowth
1ckugla,2.8701055,5.87248,4,Chemo Curls Hair Care
1cl3dso,6.858027,5.628576,3,Hair Loss & Regrowth Journey
1cl8lry,6.9736423,6.640743,1,Post-Chemo Hair Regrowth
1clqma7,8.241546,7.910965,1,Post-Chemo Hair Regrowth
1cnhvwe,2.3302674,6.662232,4,Chemo Curls Hair Care
1cpovmu,7.091743,2.911032,5,Emotional Struggles Post-Treatment
1cr1o17,4.7696657,5.115664,1,Post-Chemo Hair Regrowth
1cs21i1,2.291466,6.822728,4,Chemo Curls Hair Care
1cs2tin,9.596616,2.52657,2,Post-Treatment Side Effects
1cs2wrq,9.631256,2.4204822,2,Post-Treatment Side Effects
1cs8kqn,4.0028114,5.040736,4,Chemo Curls Hair Care
1ctdxpt,5.934019,6.4919724,1,Post-Chemo Hair Regrowth
1cuxnzo,2.6630142,6.13901,4,Chemo Curls Hair Care
1cw6exq,9.481984,3.5010266,2,Post-Treatment Side Effects
1cw6frg,9.45025,3.5494065,2,Post-Treatment Side Effects
1cx4d41,6.5038466,7.2311964,1,Post-Chemo Hair Regrowth
1cxbxxr,8.29922,4.4516864,2,Post-Treatment Side Effects
1cxdt46,8.719246,6.541828,1,Post-Chemo Hair Regrowth
1cybmpp,7.5727015,6.225787,3,Hair Loss & Regrowth Journey
1cyicsb,1.9018002,6.7193036,4,Chemo Curls Hair Care
1d0gaw3,7.358311,8.129423,1,Post-Chemo Hair Regrowth
1d0rrdi,7.929891,2.6219995,5,Emotional Struggles Post-Treatment
1d19wk3,7.04039,6.703469,1,Post-Chemo Hair Regrowth
1d2el11,6.2823453,6.4198785,1,Post-Chemo Hair Regrowth
1d3f64f,1.7735436,6.69982,4,Chemo Curls Hair Care
1d3fmb9,9.139082,2.8252707,2,Post-Treatment Side Effects
1d4md1c,4.055014,6.310312,3,Hair Loss & Regrowth Journey
1d5wl7o,4.35778,6.6879306,3,Hair Loss & Regrowth Journey
1d74zj9,5.0718412,4.3345227,3,Hair Loss & Regrowth Journey
1d7bped,8.824543,2.82403,2,Post-Treatment Side Effects
1d7yk1q,6.900766,3.2106977,5,Emotional Struggles Post-Treatment
1d87diu,8.927396,3.2818801,5,Emotional Struggles Post-Treatment
1d9h8gq,5.9276977,6.146376,1,Post-Chemo Hair Regrowth
1d9h9dv,5.9601808,6.138118,1,Post-Chemo Hair Regrowth
1d9zg7g,6.92018,7.7231665,1,Post-Chemo Hair Regrowth
1dbnsnu,8.251064,1.6211797,5,Emotional Struggles Post-Treatment
1dbtwd7,6.823974,5.407132,1,Post-Chemo Hair Regrowth
1dbyody,8.371714,7.7019377,3,Hair Loss & Regrowth Journey
1dcqsvp,6.9333496,8.430212,1,Post-Chemo Hair Regrowth
1deddky,9.147667,2.0921328,6,Milestones and Survivorship Updates
1dee21n,6.4833536,8.484701,1,Post-Chemo Hair Regrowth
1deff21,2.3144383,6.2655096,4,Chemo Curls Hair Care
1dg0ivc,9.811407,1.5394222,6,Milestones and Survivorship Updates
1dgzh97,9.886745,1.6949855,6,Milestones and Survivorship Updates
1dgzj9o,7.195249,2.4463553,5,Emotional Struggles Post-Treatment
1dhm3i8,8.730802,7.1286206,3,Hair Loss & Regrowth Journey
1dizd0f,9.039499,3.8932328,2,Post-Treatment Side Effects
1djm4fu,6.5989423,8.008326,1,Post-Chemo Hair Regrowth
1dk04l9,4.599003,4.5799,3,Hair Loss & Regrowth Journey
1dkdhgg,5.5344296,6.48078,3,Hair Loss & Regrowth Journey
1dkygag,7.0335913,7.320583,1,Post-Chemo Hair Regrowth
1dlbj91,3.2800877,6.4659495,4,Chemo Curls Hair Care
1dmfqwl,6.1783743,7.4841614,1,Post-Chemo Hair Regrowth
1dmzyhw,9.531749,3.0755315,2,Post-Treatment Side Effects
1doaatf,3.0410767,6.475478,4,Chemo Curls Hair Care
1dpbgfd,4.3384175,7.190346,3,Hair Loss & Regrowth Journey
1dqle46,9.158465,1.9180211,6,Milestones and Survivorship Updates
1dqocyv,5.984362,8.055078,1,Post-Chemo Hair Regrowth
1dri9ha,2.940888,6.252735,4,Chemo Curls Hair Care
1dtr0td,8.231644,4.9858766,2,Post-Treatment Side Effects
1dw6lk7,6.195419,7.178583,1,Post-Chemo Hair Regrowth
1dw99b0,8.589421,6.3451943,3,Hair Loss & Regrowth Journey
1dwh6fq,6.002553,8.304284,1,Post-Chemo Hair Regrowth
1dwy1c2,5.9553556,8.577027,1,Post-Chemo Hair Regrowth
1dx2r2s,8.046004,5.6994486,1,Post-Chemo Hair Regrowth
1dy0asr,6.8201656,7.3036675,1,Post-Chemo Hair Regrowth
1dy8qu2,3.7770934,6.4658833,4,Chemo Curls Hair Care
1dyd5bq,7.948637,6.3941913,1,Post-Chemo Hair Regrowth
1dyjbeh,3.1489964,5.3329315,4,Chemo Curls Hair Care
1e05xq9,2.4996858,6.503466,4,Chemo Curls Hair Care
1e0y2ax,5.1893053,6.5432644,3,Hair Loss & Regrowth Journey
1e3zf4q,4.6430597,4.7052298,3,Hair Loss & Regrowth Journey
1e44rag,8.093088,2.599893,5,Emotional Struggles Post-Treatment
1e4ypxm,4.301803,6.60987,3,Hair Loss & Regrowth Journey
1e5lwrw,6.4910064,6.0622573,2,Post-Treatment Side Effects
1e72w0s,9.374342,5.2544217,2,Post-Treatment Side Effects
1e83pms,6.6114297,4.7510223,3,Hair Loss & Regrowth Journey
1e8p1bn,3.6184433,5.696594,4,Chemo Curls Hair Care
1e8vdql,6.812526,5.4160457,3,Hair Loss & Regrowth Journey
1eajwj7,5.672734,4.623199,3,Hair Loss & Regrowth Journey
1eau48n,7.526524,2.2828155,5,Emotional Struggles Post-Treatment
1eba74z,9.287821,1.5253565,6,Milestones and Survivorship Updates
1ecgasx,8.159519,7.5177045,4,Chemo Curls Hair Care
1eewoav,8.709399,7.533645,2,Post-Treatment Side Effects
1egzh6z,3.271722,6.360611,4,Chemo Curls Hair Care
1ejygkn,7.051914,7.187044,1,Post-Chemo Hair Regrowth
1ekmk1f,8.360786,1.5629878,5,Emotional Struggles Post-Treatment
1eo77ga,7.532138,2.4592052,5,Emotional Struggles Post-Treatment
1epjn3h,9.536032,1.9286736,6,Milestones and Survivorship Updates
1eqlrr0,7.1961064,6.239033,3,Hair Loss & Regrowth Journey
1ergkqb,6.2713513,5.2157874,3,Hair Loss & Regrowth Journey
1erj5u8,10.100753,2.6910262,6,Milestones and Survivorship Updates
1es8l2m,2.3162913,6.438919,4,Chemo Curls Hair Care
1esf9st,3.8724937,5.5477457,4,Chemo Curls Hair Care
1eswwx8,5.7431235,5.872714,1,Post-Chemo Hair Regrowth
1et5ql9,8.3267975,7.9932303,1,Post-Chemo Hair Regrowth
1etvkr1,1.9584583,6.434287,4,Chemo Curls Hair Care
1eu1pml,8.345711,5.007327,2,Post-Treatment Side Effects
1ewxrrg,6.4893746,8.295327,1,Post-Chemo Hair Regrowth
1f0a1xo,7.7313814,6.3743486,1,Post-Chemo Hair Regrowth
1f0a3my,7.656792,6.4733624,1,Post-Chemo Hair Regrowth
1f0iynv,5.687017,6.9235954,3,Hair Loss & Regrowth Journey
1f0yxjl,5.73762,8.362416,4,Chemo Curls Hair Care
1f3a9fu,3.1556613,5.378639,4,Chemo Curls Hair Care
1f4fdmh,7.521312,6.693077,1,Post-Chemo Hair Regrowth
1f56i1y,7.4728365,1.8008006,5,Emotional Struggles Post-Treatment
1f5gq7c,3.8965602,6.8687625,4,Chemo Curls Hair Care
1f5vk8h,1.9787105,6.5254683,4,Chemo Curls Hair Care
1f5yxb7,3.1236455,5.3739576,4,Chemo Curls Hair Care
1f6hdwk,7.0420833,4.57006,2,Post-Treatment Side Effects
1f7hppo,6.6969533,5.181068,3,Hair Loss & Regrowth Journey
1f7ptqh,9.548212,3.77049,2,Post-Treatment Side Effects
1f9712f,7.6151266,2.4450638,5,Emotional Struggles Post-Treatment
1fbb8z4,9.48843,3.662414,2,Post-Treatment Side Effects
1fc6zkc,3.7049632,5.0037036,4,Chemo Curls Hair Care
1fcd3mh,7.816026,2.3235154,5,Emotional Struggles Post-Treatment
1fcp29c,10.617406,2.9227283,6,Milestones and Survivorship Updates
1fcx22z,6.829868,7.528616,1,Post-Chemo Hair Regrowth
1ff4c6i,6.7660036,5.6045976,3,Hair Loss & Regrowth Journey
1fg4je6,8.416188,6.3256702,1,Post-Chemo Hair Regrowth
1fgay1q,8.9813175,1.1555593,6,Milestones and Survivorship Updates
1fgtsf1,10.619215,3.1983156,2,Post-Treatment Side Effects
1fgyur1,7.61153,5.62373,1,Post-Chemo Hair Regrowth
1fh4ghi,8.161658,7.85935,1,Post-Chemo Hair Regrowth
1fipyg4,6.9548683,8.114783,1,Post-Chemo Hair Regrowth
1fitav3,8.180662,6.610106,1,Post-Chemo Hair Regrowth
1fk0ucr,2.373526,6.74463,4,Chemo Curls Hair Care
1fk4a60,2.3645616,6.657256,4,Chemo Curls Hair Care
1fkafxy,2.270516,6.6040034,4,Chemo Curls Hair Care
1fksgdw,6.397806,5.9377365,1,Post-Chemo Hair Regrowth
1fl23aq,1.831564,6.7416735,4,Chemo Curls Hair Care
1fledsd,5.661672,4.228424,3,Hair Loss & Regrowth Journey
1fm4hyx,1.9487332,6.3632116,4,Chemo Curls Hair Care
1fmqier,5.1972456,4.7879,1,Post-Chemo Hair Regrowth
1fookk1,1.7683486,6.8148985,4,Chemo Curls Hair Care
1fotexp,7.5845394,7.6871595,1,Post-Chemo Hair Regrowth
1fp4ns4,7.9331694,2.1142313,5,Emotional Struggles Post-Treatment
1fpblmy,8.542851,4.264886,2,Post-Treatment Side Effects
1fsdd4e,6.552419,4.285674,3,Hair Loss & Regrowth Journey
1fthfrw,7.7237644,5.551568,2,Post-Treatment Side Effects
1ftjvbp,10.013302,3.3250592,2,Post-Treatment Side Effects
1ftv39d,9.333611,3.1368868,2,Post-Treatment Side Effects
1ftv4ap,9.308157,3.1511638,2,Post-Treatment Side Effects
1fuv0it,5.8538623,5.983534,1,Post-Chemo Hair Regrowth
1fv4fp1,9.148134,1.8997854,6,Milestones and Survivorship Updates
1fv8tqc,7.5183434,7.785111,1,Post-Chemo Hair Regrowth
1fwmnf0,8.262035,1.6193205,5,Emotional Struggles Post-Treatment
1fwta3d,10.382178,2.9920595,6,Milestones and Survivorship Updates
1fwvvj6,1.7340292,6.834612,4,Chemo Curls Hair Care
1fz9kbp,8.566761,7.7371845,1,Post-Chemo Hair Regrowth
1g03a7u,7.0072465,3.9441376,3,Hair Loss & Regrowth Journey
1g1424z,4.238881,5.1098866,4,Chemo Curls Hair Care
1g382i4,5.21829,4.693674,3,Hair Loss & Regrowth Journey
1g4jrcj,6.7230587,6.702422,1,Post-Chemo Hair Regrowth
1g4q5ed,5.189085,7.7220893,1,Post-Chemo Hair Regrowth
1g6xv3j,7.5019336,2.03543,5,Emotional Struggles Post-Treatment
1g79dy5,10.036145,2.5843685,6,Milestones and Survivorship Updates
1g7ku1j,6.3088956,7.8269663,1,Post-Chemo Hair Regrowth
1g9k281,10.260064,2.2046556,2,Post-Treatment Side Effects
1gb5865,9.747679,2.0507786,6,Milestones and Survivorship Updates
1gbosiw,9.19388,1.1793559,6,Milestones and Survivorship Updates
1gc2ur8,3.6438148,5.082977,4,Chemo Curls Hair Care
1gdl3oc,7.936416,2.209171,5,Emotional Struggles Post-Treatment
1gds42u,9.711779,2.2666411,6,Milestones and Survivorship Updates
1ge8ddu,5.2196393,4.31779,6,Milestones and Survivorship Updates
1ge91ui,5.128239,4.458311,6,Milestones and Survivorship Updates
1gf9qrl,6.9016447,6.501694,3,Hair Loss & Regrowth Journey
1gfm3v5,5.659547,4.7647095,3,Hair Loss & Regrowth Journey
1ghhrev,6.474277,6.8353386,1,Post-Chemo Hair Regrowth
1glh0cd,3.4541123,5.7309737,3,Hair Loss & Regrowth Journey
1gmpbsz,7.9558406,1.6256013,5,Emotional Struggles Post-Treatment
1gmuunh,9.036155,1.2691108,6,Milestones and Survivorship Updates
1gq9h4e,8.245596,2.7838852,5,Emotional Struggles Post-Treatment
1gr1r0v,5.5221334,7.712789,1,Post-Chemo Hair Regrowth
1grhuv2,4.661085,7.530197,1,Post-Chemo Hair Regrowth
1grmugy,5.1565785,7.590675,1,Post-Chemo Hair Regrowth
1gsrmur,8.983618,1.6282209,6,Milestones and Survivorship Updates
1gsw0ex,5.607709,7.2976704,1,Post-Chemo Hair Regrowth
1gt6yko,3.9495857,6.800537,4,Chemo Curls Hair Care
1gtxn7r,6.077968,8.133124,1,Post-Chemo Hair Regrowth
1guoc1x,9.647841,3.0574107,6,Milestones and Survivorship Updates
1guznjr,4.2310085,6.563481,3,Hair Loss & Regrowth Journey
1guzzxc,1.8402698,6.5817,4,Chemo Curls Hair Care
1gvik47,9.990354,2.457805,2,Post-Treatment Side Effects
1gvmisk,2.1071925,6.4595537,4,Chemo Curls Hair Care
1gw31pb,6.2593107,8.2876005,1,Post-Chemo Hair Regrowth
1gx16fv,8.29538,8.033189,1,Post-Chemo Hair Regrowth
1gxpv06,4.7247024,4.5805936,3,Hair Loss & Regrowth Journey
1gy1zfh,2.5932894,6.2505856,4,Chemo Curls Hair Care
1gz3myy,8.701131,7.9304743,1,Post-Chemo Hair Regrowth
1h0fd2g,9.542821,1.6327263,6,Milestones and Survivorship Updates
1h0s5pc,8.664151,6.46473,1,Post-Chemo Hair Regrowth
1h0s741,8.6884575,6.5621595,1,Post-Chemo Hair Regrowth
1h12o03,7.2909017,2.275604,5,Emotional Struggles Post-Treatment
1h1cp04,4.822857,7.810772,1,Post-Chemo Hair Regrowth
1h3m1qm,5.346411,5.893808,3,Hair Loss & Regrowth Journey
1h49tbp,10.610892,2.840083,6,Milestones and Survivorship Updates
1h57m1p,8.583863,2.7678273,5,Emotional Struggles Post-Treatment
1h5b4up,6.63187,6.7124085,1,Post-Chemo Hair Regrowth
1h5snl1,6.9683886,6.4395895,1,Post-Chemo Hair Regrowth
1h6garn,5.6148458,5.8728137,3,Hair Loss & Regrowth Journey
1h7o9xo,4.907841,6.728843,4,Chemo Curls Hair Care
1h7q6dm,8.278811,8.0222845,1,Post-Chemo Hair Regrowth
1h9h57t,7.644387,1.8683884,5,Emotional Struggles Post-Treatment
1h9okj5,7.7204213,1.8385892,5,Emotional Struggles Post-Treatment
1h9vuar,5.918354,6.9598465,1,Post-Chemo Hair Regrowth
1h9ylxf,7.472396,7.9451704,1,Post-Chemo Hair Regrowth
1ha0ra3,8.913354,4.377818,2,Post-Treatment Side Effects
1hbaexg,2.27979,6.837111,4,Chemo Curls Hair Care
1hbo3p8,8.995718,1.1163428,6,Milestones and Survivorship Updates
1hdo5ov,6.436507,4.838324,3,Hair Loss & Regrowth Journey
1hdox0d,10.45095,2.2029438,2,Post-Treatment Side Effects
1hgljpf,2.9628317,5.2300105,4,Chemo Curls Hair Care
1hh7tus,9.163698,3.6802876,2,Post-Treatment Side Effects
1hiljix,6.0183434,8.514338,1,Post-Chemo Hair Regrowth
1hiop0p,7.140413,6.4597583,1,Post-Chemo Hair Regrowth
1hj91vy,6.7639427,8.723616,1,Post-Chemo Hair Regrowth
1hkqbr9,3.657443,5.799233,4,Chemo Curls Hair Care
1hlrht6,10.452473,2.2001934,2,Post-Treatment Side Effects
1hnttde,6.668798,5.225111,3,Hair Loss & Regrowth Journey
1hnz4ac,8.194584,6.3460107,1,Post-Chemo Hair Regrowth
1hogw29,7.0627685,2.9228415,5,Emotional Struggles Post-Treatment
1hosupg,6.328597,8.132433,1,Post-Chemo Hair Regrowth
1hp4n67,9.258327,2.4734583,2,Post-Treatment Side Effects
1hpcw6a,9.427419,1.4853022,6,Milestones and Survivorship Updates
1hqaf78,8.156459,2.544738,5,Emotional Struggles Post-Treatment
1hqv1ls,9.186547,1.1549932,6,Milestones and Survivorship Updates
1hrkqyn,6.3025713,4.3604517,3,Hair Loss & Regrowth Journey
1hrzs0k,7.274787,4.125106,3,Hair Loss & Regrowth Journey
1hs7aw4,5.877227,6.9511313,3,Hair Loss & Regrowth Journey
1hse2z4,9.383938,2.6430056,6,Milestones and Survivorship Updates
1hu75yp,8.380342,7.6233745,1,Post-Chemo Hair Regrowth
1hw03xb,7.997154,4.206396,3,Hair Loss & Regrowth Journey
1hw94ee,7.6624293,5.924917,1,Post-Chemo Hair Regrowth
1hx1nne,9.767079,1.7631532,6,Milestones and Survivorship Updates
1hxfexd,5.1448345,5.806011,3,Hair Loss & Regrowth Journey
1hxwef9,8.639194,7.442289,1,Post-Chemo Hair Regrowth
1hy4iyn,9.447593,3.658282,2,Post-Treatment Side Effects
1hy8a3b,4.040343,7.3684554,4,Chemo Curls Hair Care
1hybbix,4.5373416,6.6142526,3,Hair Loss & Regrowth Journey
1hytzbl,8.570041,1.1877633,6,Milestones and Survivorship Updates
1hz06d3,8.782543,7.466889,2,Post-Treatment Side Effects
1i07twt,7.1842713,7.008552,1,Post-Chemo Hair Regrowth
1i0q3uv,8.752223,4.654223,2,Post-Treatment Side Effects
1i192s1,9.6630125,1.7971054,6,Milestones and Survivorship Updates
1i1r95t,4.691941,7.740409,1,Post-Chemo Hair Regrowth
1i33pex,3.0990453,5.3445497,4,Chemo Curls Hair Care
1i3exo5,5.387907,7.9659643,1,Post-Chemo Hair Regrowth
1i40f8j,2.195281,6.6725883,4,Chemo Curls Hair Care
1i4ah5v,6.191852,6.8591523,1,Post-Chemo Hair Regrowth
1i5h65v,5.2208405,6.9865503,4,Chemo Curls Hair Care
1i6rk5x,10.177485,2.640444,6,Milestones and Survivorship Updates
1i76u8l,10.044085,2.5850224,6,Milestones and Survivorship Updates
1i76v8w,10.003018,2.5682771,6,Milestones and Survivorship Updates
1i7dlt6,3.6323478,5.5794916,4,Chemo Curls Hair Care
1i7zuqw,9.110273,3.509925,2,Post-Treatment Side Effects
1i8k2nk,5.631335,5.9530864,3,Hair Loss & Regrowth Journey
1i8m8lq,9.395051,5.2755575,2,Post-Treatment Side Effects
1i8rb8s,8.428269,7.194203,1,Post-Chemo Hair Regrowth
1ia2tmi,3.3691776,5.0474305,4,Chemo Curls Hair Care
1ibe8vf,9.318639,1.2955662,6,Milestones and Survivorship Updates
1ibg7m3,8.567568,7.2744174,1,Post-Chemo Hair Regrowth
1ic722s,7.3512278,2.8087366,5,Emotional Struggles Post-Treatment
1ieah2p,7.388419,6.875139,1,Post-Chemo Hair Regrowth
1ifhu1x,8.9956255,3.3836148,2,Post-Treatment Side Effects
1ige9xz,8.464937,4.9640837,2,Post-Treatment Side Effects
1igeeyx,4.2074757,6.3016744,3,Hair Loss & Regrowth Journey
1ihmarx,2.9527652,5.285849,4,Chemo Curls Hair Care
1ii0mq5,4.8863,5.0080714,3,Hair Loss & Regrowth Journey
1iiexs0,6.601215,5.052204,3,Hair Loss & Regrowth Journey
1ij74vq,7.8108606,1.9359939,5,Emotional Struggles Post-Treatment
1ikbjfp,1.866134,6.4717097,4,Chemo Curls Hair Care
1iku7mg,5.52194,5.496033,3,Hair Loss & Regrowth Journey
1ilwq6m,2.3143427,5.8487005,4,Chemo Curls Hair Care
1im0ugu,4.747639,7.312898,1,Post-Chemo Hair Regrowth
1im6wlk,7.2070627,6.8351774,1,Post-Chemo Hair Regrowth
1imdtyz,6.8327804,8.126965,1,Post-Chemo Hair Regrowth
1imthe0,9.313092,5.4501257,2,Post-Treatment Side Effects
1in4yvk,8.217265,4.427917,2,Post-Treatment Side Effects
1ipbaeg,6.1998415,4.431102,3,Hair Loss & Regrowth Journey
1ipdjlo,9.787055,1.8550488,6,Milestones and Survivorship Updates
1iq705u,4.108284,5.177603,4,Chemo Curls Hair Care
1iqmatj,7.692001,3.3444989,2,Post-Treatment Side Effects
1irbe8u,6.3665924,5.3186893,3,Hair Loss & Regrowth Journey
1irq4ex,8.139183,2.7071722,2,Post-Treatment Side Effects
1is0qrv,3.5129344,6.52675,4,Chemo Curls Hair Care
1is6nie,1.751773,6.8396196,4,Chemo Curls Hair Care
1itf324,7.2732415,5.9459276,3,Hair Loss & Regrowth Journey
1itruu4,9.093615,1.8919023,6,Milestones and Survivorship Updates
1iu1wtp,4.582145,4.6492558,3,Hair Loss & Regrowth Journey
1iux5lo,8.991002,2.6466992,6,Milestones and Survivorship Updates
1iv2xwf,8.8454275,7.5194764,2,Post-Treatment Side Effects
1ivdj0j,9.308413,2.643895,5,Emotional Struggles Post-Treatment
1iwgiin,10.295913,3.059126,3,Hair Loss & Regrowth Journey
1iwny9j,10.33569,2.8957403,6,Milestones and Survivorship Updates
1ix2dy0,8.164436,4.002239,5,Emotional Struggles Post-Treatment
1ix2f1c,8.149181,4.0492682,5,Emotional Struggles Post-Treatment
1ix3e1v,9.443373,1.4224678,6,Milestones and Survivorship Updates
1ixi5de,8.292992,5.872574,1,Post-Chemo Hair Regrowth
1ixxb0i,6.8427176,8.66498,1,Post-Chemo Hair Regrowth
1iymkfz,6.868248,7.5116043,1,Post-Chemo Hair Regrowth
1iz325c,6.87204,3.785986,5,Emotional Struggles Post-Treatment
1iz60nf,4.585717,4.6597495,3,Hair Loss & Regrowth Journey
1izomnl,8.7610855,7.691871,1,Post-Chemo Hair Regrowth
1j0msao,8.390556,8.052462,1,Post-Chemo Hair Regrowth
1j2wscx,4.7392364,4.688071,3,Hair Loss & Regrowth Journey
1j4mdj3,3.258124,5.3869796,4,Chemo Curls Hair Care
1j4mhiw,3.3255656,5.482415,4,Chemo Curls Hair Care
1j74yre,7.4146085,2.5799284,5,Emotional Struggles Post-Treatment
1j7pjo2,1.9651746,6.580139,4,Chemo Curls Hair Care
1j7qy8h,5.526596,4.381856,3,Hair Loss & Regrowth Journey
1j89q9i,7.087432,7.334866,1,Post-Chemo Hair Regrowth
1j8d2b6,1.94486,6.590843,4,Chemo Curls Hair Care
1j8eljm,6.460442,6.6837826,1,Post-Chemo Hair Regrowth
1j8ooam,9.611598,3.858888,2,Post-Treatment Side Effects
1j9n4yp,2.9977074,6.2292757,4,Chemo Curls Hair Care
1j9zzrt,6.4643636,8.307319,1,Post-Chemo Hair Regrowth
1jaau27,8.506378,1.158865,5,Emotional Struggles Post-Treatment
1jacebe,8.094742,1.3138895,5,Emotional Struggles Post-Treatment
1jbapz3,6.8330345,8.193943,1,Post-Chemo Hair Regrowth
1jcrlng,6.3369336,6.958612,1,Post-Chemo Hair Regrowth
1jcwuvj,2.1897466,6.7374234,4,Chemo Curls Hair Care
1jd55ks,5.249184,5.9156365,4,Chemo Curls Hair Care
1jdulvz,7.162664,7.2145777,1,Post-Chemo Hair Regrowth
1je8u1j,8.840168,1.0775204,6,Milestones and Survivorship Updates
1jevyhe,2.1193783,6.3016834,4,Chemo Curls Hair Care
1jf9sah,3.9514318,5.856028,4,Chemo Curls Hair Care
1jg2gem,5.503897,4.1388874,5,Emotional Struggles Post-Treatment
1jhd7mx,9.433811,3.8536243,2,Post-Treatment Side Effects
1jhpcdr,5.1129575,7.7199326,1,Post-Chemo Hair Regrowth
1ji9jq3,6.2355795,8.3584175,1,Post-Chemo Hair Regrowth
1jiiejg,8.146458,1.3706067,5,Emotional Struggles Post-Treatment
1jio18t,6.026421,7.5104847,1,Post-Chemo Hair Regrowth
1jj90qt,9.312215,1.1900907,6,Milestones and Survivorship Updates
1jjwold,6.2189393,4.545332,3,Hair Loss & Regrowth Journey
1jk33ks,9.360493,5.2687116,2,Post-Treatment Side Effects
1jm0ir1,2.3683126,6.160707,4,Chemo Curls Hair Care
1jm6r71,5.7613697,8.0091505,1,Post-Chemo Hair Regrowth
1jn6uw6,7.8410773,2.216142,5,Emotional Struggles Post-Treatment
1jnpyzm,7.229985,6.9827733,1,Post-Chemo Hair Regrowth
1joc6tp,7.9995637,2.3467298,5,Emotional Struggles Post-Treatment
1jom74y,5.842388,5.098751,3,Hair Loss & Regrowth Journey
1jpqkaz,7.6447883,6.253626,1,Post-Chemo Hair Regrowth
1jpsdaz,9.308116,2.9275699,2,Post-Treatment Side Effects
1jrpfso,2.6205747,5.535665,4,Chemo Curls Hair Care
1jsfukv,8.093232,4.2041125,2,Post-Treatment Side Effects
1jsxd4h,8.036045,2.4055815,5,Emotional Struggles Post-Treatment
1jt62al,7.287372,6.932125,1,Post-Chemo Hair Regrowth
1jtnl6i,4.666894,7.811271,1,Post-Chemo Hair Regrowth
1jtrwrb,6.1175117,4.4386535,3,Hair Loss & Regrowth Journey
1jwftfi,8.761654,1.0434537,6,Milestones and Survivorship Updates
1jx1men,9.945526,3.369206,2,Post-Treatment Side Effects
1jx5gcq,9.152518,1.2702918,6,Milestones and Survivorship Updates
1jxh8pi,10.495571,3.2933264,2,Post-Treatment Side Effects
1jxlxxy,6.2627134,8.158916,1,Post-Chemo Hair Regrowth
1jz02os,3.1572542,5.265519,4,Chemo Curls Hair Care
1k03h5t,7.1254506,7.441482,1,Post-Chemo Hair Regrowth
1k06w0l,8.699632,2.5886295,5,Emotional Struggles Post-Treatment
1k1ftq3,9.333623,3.3108823,2,Post-Treatment Side Effects
1k1ifq2,8.635782,6.375238,1,Post-Chemo Hair Regrowth
1k28ews,7.7274823,5.7573047,1,Post-Chemo Hair Regrowth
1k28pzo,3.1978376,6.4416823,4,Chemo Curls Hair Care
1k28vv8,2.4062366,5.921109,4,Chemo Curls Hair Care
1k2j7a4,7.308,6.8921824,1,Post-Chemo Hair Regrowth
1k3d0f2,5.598266,5.7389784,3,Hair Loss & Regrowth Journey
1k3fdnw,8.864626,1.6786488,6,Milestones and Survivorship Updates
1k3ha1f,8.03322,1.5232813,5,Emotional Struggles Post-Treatment
1k3jzlz,4.6088986,7.679221,1,Post-Chemo Hair Regrowth
1k3na08,6.943093,7.3641124,1,Post-Chemo Hair Regrowth
1k3q7nv,7.303543,6.222142,3,Hair Loss & Regrowth Journey
1k3r0zv,7.5368385,6.290876,1,Post-Chemo Hair Regrowth
1k43fkk,6.427445,5.017657,3,Hair Loss & Regrowth Journey
1k49y1p,3.8053577,5.953993,4,Chemo Curls Hair Care
1k4m8gl,6.317147,5.3343143,3,Hair Loss & Regrowth Journey
1k5v2k1,4.7900105,7.4014487,1,Post-Chemo Hair Regrowth
1k67eyg,4.3036056,4.7118163,3,Hair Loss & Regrowth Journey
1ka0fsu,8.283101,4.0597773,2,Post-Treatment Side Effects
1kbxj3j,6.476849,4.114759,3,Hair Loss & Regrowth Journey
1kcbp7f,7.3851027,6.751372,1,Post-Chemo Hair Regrowth
1kd5x7b,1.7304817,6.758865,4,Chemo Curls Hair Care
1kdc98o,3.0542328,6.6963854,4,Chemo Curls Hair Care
1kfs8bz,8.386436,6.21413,3,Hair Loss & Regrowth Journey
1khdciv,9.742707,1.6889536,6,Milestones and Survivorship Updates
1khqev5,6.166711,3.8415725,5,Emotional Struggles Post-Treatment
1ki4pyt,4.0505776,7.143811,3,Hair Loss & Regrowth Journey
1kj7jlv,6.5189104,7.648363,1,Post-Chemo Hair Regrowth
1kkbubl,7.562372,2.040373,5,Emotional Struggles Post-Treatment
1kkyu9g,8.441363,7.9674225,1,Post-Chemo Hair Regrowth
1kkyv77,8.447455,8.000716,1,Post-Chemo Hair Regrowth
1kle6np,6.3258467,5.57019,3,Hair Loss & Regrowth Journey
1kmmqvw,6.902458,7.9907694,1,Post-Chemo Hair Regrowth
1kn8i6j,6.047585,4.285459,3,Hair Loss & Regrowth Journey
1kow72r,9.832682,2.6286309,6,Milestones and Survivorship Updates
1kputqe,8.596552,6.2127557,1,Post-Chemo Hair Regrowth
1kqongm,9.675234,1.9680556,6,Milestones and Survivorship Updates
1kqqtrx,5.7985096,7.310859,1,Post-Chemo Hair Regrowth
1kqv058,7.4645114,2.7687213,5,Emotional Struggles Post-Treatment
1krlf3m,7.0832057,7.291999,1,Post-Chemo Hair Regrowth
1krygs1,9.306169,3.9800603,2,Post-Treatment Side Effects
1kryob6,3.5472574,6.698443,4,Chemo Curls Hair Care
1ksfxof,5.3477235,4.5146413,3,Hair Loss & Regrowth Journey
1ktbdxj,8.87222,1.1364068,6,Milestones and Survivorship Updates
1ktmfah,5.8796,5.9005976,1,Post-Chemo Hair Regrowth
1ktvyqb,8.230608,1.7597728,5,Emotional Struggles Post-Treatment
1kv0as5,9.59832,2.2362654,6,Milestones and Survivorship Updates
1kvmlli,5.1395974,7.644082,3,Hair Loss & Regrowth Journey
1kvqkko,7.1787095,6.6469064,1,Post-Chemo Hair Regrowth
1kwf1ox,7.986137,6.0696154,1,Post-Chemo Hair Regrowth
1kx86x7,4.0540347,6.3579197,3,Hair Loss & Regrowth Journey
1kx9quo,8.324788,4.518259,2,Post-Treatment Side Effects
1kycn4z,8.467324,6.122132,1,Post-Chemo Hair Regrowth
1kyl4ig,7.1645527,7.7020283,1,Post-Chemo Hair Regrowth
1kypo9c,2.841948,6.480697,4,Chemo Curls Hair Care
1kyrcla,6.0099425,7.7927523,1,Post-Chemo Hair Regrowth
1kz746z,6.0458455,5.444283,3,Hair Loss & Regrowth Journey
1kz7740,9.838143,2.8927057,6,Milestones and Survivorship Updates
1kzcd2a,8.267407,2.360475,5,Emotional Struggles Post-Treatment
1l065i6,8.216492,7.9813113,1,Post-Chemo Hair Regrowth
1l0if8j,4.590768,6.209846,3,Hair Loss & Regrowth Journey
1l17s14,7.3430524,6.635629,1,Post-Chemo Hair Regrowth
1l1nl3w,5.8196425,6.3454866,1,Post-Chemo Hair Regrowth
1l2bhex,8.7296915,1.058452,6,Milestones and Survivorship Updates
1l2vyl2,7.1209316,3.117466,5,Emotional Struggles Post-Treatment
1l37s3n,9.628134,1.4685977,6,Milestones and Survivorship Updates
1l3hzob,9.370418,1.9955355,6,Milestones and Survivorship Updates
1l4svjt,10.571311,2.9828725,6,Milestones and Survivorship Updates
1l5wfjf,7.8460484,5.866707,1,Post-Chemo Hair Regrowth
1l6gsz4,6.9049826,5.782212,3,Hair Loss & Regrowth Journey
1l6o3v9,6.675266,8.321647,1,Post-Chemo Hair Regrowth
1l6rijs,6.43451,7.4565134,1,Post-Chemo Hair Regrowth
1l7umg9,6.281041,6.7744117,1,Post-Chemo Hair Regrowth
1l9ssl5,6.0678596,5.2281537,3,Hair Loss & Regrowth Journey
1l9u5ih,9.311335,1.5123599,6,Milestones and Survivorship Updates
1lb0sn3,8.935057,2.0313706,5,Emotional Struggles Post-Treatment
1lbcbsz,8.659793,1.152042,6,Milestones and Survivorship Updates
1lbvsdf,6.953921,8.028249,1,Post-Chemo Hair Regrowth
1le06l6,3.3311431,6.0083737,4,Chemo Curls Hair Care
1le3bju,7.8291483,7.551096,1,Post-Chemo Hair Regrowth
1lea6vw,7.762663,2.0935056,5,Emotional Struggles Post-Treatment
1lefenx,9.269545,1.2637645,6,Milestones and Survivorship Updates
1lejlm3,9.133825,2.9704363,2,Post-Treatment Side Effects
1lep1w5,7.1777334,6.545291,1,Post-Chemo Hair Regrowth
1lf9srj,5.4686637,5.9075103,3,Hair Loss & Regrowth Journey
1lg773f,4.19991,6.614842,3,Hair Loss & Regrowth Journey
1lgcpub,10.369743,2.201048,2,Post-Treatment Side Effects
1lgw6gh,4.894644,7.019876,4,Chemo Curls Hair Care
1lh4u0a,7.7284775,4.420565,3,Hair Loss & Regrowth Journey
1limqpg,2.2283306,6.7955437,4,Chemo Curls Hair Care
1ljmv00,9.020289,4.0130024,2,Post-Treatment Side Effects
1ll4bx2,5.6631136,5.7705727,3,Hair Loss & Regrowth Journey
1lljfei,8.723789,7.8165746,1,Post-Chemo Hair Regrowth
1lmwphj,4.6344466,5.1022277,3,Hair Loss & Regrowth Journey
1ln973s,3.7188635,6.938467,4,Chemo Curls Hair Care
1lo8o8l,5.0430346,7.866225,1,Post-Chemo Hair Regrowth
1lp2zvt,6.3039546,8.139296,3,Hair Loss & Regrowth Journey
1lp7jmc,6.9569545,5.45173,3,Hair Loss & Regrowth Journey
1lqeqkn,6.055966,5.7779303,3,Hair Loss & Regrowth Journey
1lr2asp,7.6618853,7.0846667,1,Post-Chemo Hair Regrowth
1lr3r62,5.967612,7.6651173,1,Post-Chemo Hair Regrowth
1lrlyax,8.180937,7.0716095,1,Post-Chemo Hair Regrowth
1lroln9,7.164319,3.4185333,5,Emotional Struggles Post-Treatment
1lrvccl,7.347342,5.7148666,1,Post-Chemo Hair Regrowth
1lrzk37,6.2065334,7.687497,1,Post-Chemo Hair Regrowth
1ls4fgk,9.240821,1.3363076,6,Milestones and Survivorship Updates
1lsgq1z,8.631887,1.1004258,5,Emotional Struggles Post-Treatment
1lu70r3,2.2093534,6.2444468,4,Chemo Curls Hair Care
1luif6x,6.12755,5.9689326,3,Hair Loss & Regrowth Journey
1luukn9,9.619602,3.945039,2,Post-Treatment Side Effects
1lv0m7a,8.5271635,7.674236,1,Post-Chemo Hair Regrowth
1lv5z95,4.114577,6.151084,3,Hair Loss & Regrowth Journey
1lv6o3w,8.584797,3.4000983,6,Milestones and Survivorship Updates
1lv9wkg,10.522482,2.9492521,6,Milestones and Survivorship Updates
1lva6m9,7.7191157,7.1227083,3,Hair Loss & Regrowth Journey
1lvw7na,5.8903823,6.9788575,3,Hair Loss & Regrowth Journey
1lwfh9g,8.112875,3.6235952,5,Emotional Struggles Post-Treatment
1lwndlv,9.549671,3.7754374,2,Post-Treatment Side Effects
1lwu0c6,7.4343596,6.422827,1,Post-Chemo Hair Regrowth
1lwveju,2.3115876,6.3393917,4,Chemo Curls Hair Care
1lxjr0e,2.8104887,6.114012,4,Chemo Curls Hair Care
1ly1r45,4.666984,7.769347,1,Post-Chemo Hair Regrowth
1lye54t,7.978052,5.879376,2,Post-Treatment Side Effects
1lykcto,6.350985,5.7514734,2,Post-Treatment Side Effects
1lyumci,8.987897,1.1609923,6,Milestones and Survivorship Updates
1lz7xgt,9.233225,1.6144493,6,Milestones and Survivorship Updates
1m01buu,8.014761,6.8272176,1,Post-Chemo Hair Regrowth
1m0k40h,8.698257,6.3438134,1,Post-Chemo Hair Regrowth
1m0kaz8,7.723515,7.717519,1,Post-Chemo Hair Regrowth
1m12ypn,9.735904,1.527167,6,Milestones and Survivorship Updates
1m1bx42,7.256181,6.2335076,1,Post-Chemo Hair Regrowth
1m1f073,7.828661,1.8756598,5,Emotional Struggles Post-Treatment
1m2l90l,4.790997,7.9648604,1,Post-Chemo Hair Regrowth
1m2o3uv,9.400024,1.2131171,6,Milestones and Survivorship Updates
1m2z0zy,10.217658,1.8588476,6,Milestones and Survivorship Updates
1m30pbx,8.141695,5.453185,1,Post-Chemo Hair Regrowth
1m315jw,5.65769,5.9195127,3,Hair Loss & Regrowth Journey
1m45m3t,8.378553,1.1603464,6,Milestones and Survivorship Updates
1m4ff3g,7.76404,6.369108,1,Post-Chemo Hair Regrowth
1m4qox5,8.234003,4.819081,2,Post-Treatment Side Effects
1m5fbfh,2.4494798,5.8389177,4,Chemo Curls Hair Care
1m5j19m,7.6827254,2.454701,5,Emotional Struggles Post-Treatment
1m79fj1,6.2600384,6.5080037,1,Post-Chemo Hair Regrowth
1m7ervk,4.1720076,4.945819,4,Chemo Curls Hair Care
1m7n9zc,5.9940796,8.190823,1,Post-Chemo Hair Regrowth
1m7s661,6.57889,6.8790793,3,Hair Loss & Regrowth Journey
1m7t8js,2.233184,6.250754,4,Chemo Curls Hair Care
1m8jg6c,10.021452,1.6200292,6,Milestones and Survivorship Updates
1m8lumu,9.467253,1.4780253,6,Milestones and Survivorship Updates
1m9b7f7,8.297695,3.8635633,2,Post-Treatment Side Effects
1ma7c98,7.376893,6.5848885,1,Post-Chemo Hair Regrowth
1mbbnih,7.588814,5.8465652,1,Post-Chemo Hair Regrowth
1mdats7,9.569369,1.5341507,6,Milestones and Survivorship Updates
1mdkx6y,9.684175,1.3427122,6,Milestones and Survivorship Updates
1me3js0,8.461962,5.944575,1,Post-Chemo Hair Regrowth
1mea57r,6.0799575,8.614802,1,Post-Chemo Hair Regrowth
1meapx4,5.262752,6.5722,3,Hair Loss & Regrowth Journey
1menwa6,7.437515,6.6684675,1,Post-Chemo Hair Regrowth
1mfor0a,8.244436,6.46194,1,Post-Chemo Hair Regrowth
1mfov3w,4.801728,6.3120413,3,Hair Loss & Regrowth Journey
1mg5pak,8.465738,5.847645,1,Post-Chemo Hair Regrowth
1mg8hou,6.0466166,5.43996,3,Hair Loss & Regrowth Journey
1mg9ab3,7.8657513,2.9884658,5,Emotional Struggles Post-Treatment
1mgx4vf,9.4603195,3.9963238,2,Post-Treatment Side Effects
1mh0v2n,2.0424414,6.427089,4,Chemo Curls Hair Care
1mhrcy3,8.126323,4.7060256,2,Post-Treatment Side Effects
1mikqdi,9.274342,5.638482,1,Post-Chemo Hair Regrowth
1mj4x92,10.4421,3.2408931,2,Post-Treatment Side Effects
1mjgw2g,6.9812164,7.7440586,1,Post-Chemo Hair Regrowth
1mjji4p,5.9953246,3.9871402,3,Hair Loss & Regrowth Journey
1mk6jor,6.988224,5.9546747,3,Hair Loss & Regrowth Journey
1mkolpe,8.30198,2.9093373,2,Post-Treatment Side Effects
1ml7pso,9.573474,2.4323316,5,Emotional Struggles Post-Treatment
1mlcff4,8.330108,3.961195,2,Post-Treatment Side Effects
1mlqua7,4.507933,6.188456,3,Hair Loss & Regrowth Journey
1mm0ua5,8.634011,7.075293,1,Post-Chemo Hair Regrowth
1mntntm,9.962831,2.617637,2,Post-Treatment Side Effects
1mnwmf7,5.629903,7.373101,1,Post-Chemo Hair Regrowth
1mo0ccv,4.3329864,6.670579,3,Hair Loss & Regrowth Journey
1mo0h0u,4.2365127,6.716843,3,Hair Loss & Regrowth Journey
1mogdpr,6.479009,4.653705,3,Hair Loss & Regrowth Journey
1moqn0v,4.5578914,7.2850537,3,Hair Loss & Regrowth Journey
1mpe3wj,4.648394,5.1005116,3,Hair Loss & Regrowth Journey
1mpkert,9.544325,1.8728557,2,Post-Treatment Side Effects
1mpre9w,8.177865,2.5878174,5,Emotional Struggles Post-Treatment
1mq8b0n,9.26376,1.7304287,6,Milestones and Survivorship Updates
1mqbk1u,10.109556,1.9484763,2,Post-Treatment Side Effects
1mqpo3m,7.7193155,6.553433,1,Post-Chemo Hair Regrowth
1mr2qwt,7.345026,6.9209275,1,Post-Chemo Hair Regrowth
1mrc7lb,2.079537,6.2618713,4,Chemo Curls Hair Care
1msrjtg,5.492544,6.967091,3,Hair Loss & Regrowth Journey
1mtlu41,1.7582245,6.7487636,4,Chemo Curls Hair Care
1mtuk6l,5.555217,5.929986,3,Hair Loss & Regrowth Journey
1mvkgii,9.129692,1.3456542,6,Milestones and Survivorship Updates
1mwz4gu,9.580044,2.6673784,6,Milestones and Survivorship Updates
1mxhzf2,7.705675,2.411069,5,Emotional Struggles Post-Treatment
1mxq277,4.546731,6.1997976,3,Hair Loss & Regrowth Journey
1mz4nn0,8.742241,2.3356326,5,Emotional Struggles Post-Treatment
1n0y6bc,3.9350328,6.4081154,3,Hair Loss & Regrowth Journey
1n1xsjr,8.029485,2.7001176,5,Emotional Struggles Post-Treatment
1n2haab,10.406436,2.8855689,2,Post-Treatment Side Effects
1n304m6,10.202575,2.0562966,2,Post-Treatment Side Effects
1n5s8dn,9.657271,1.546539,6,Milestones and Survivorship Updates
1n6o9jz,9.984052,3.1392941,2,Post-Treatment Side Effects
1n7b3xv,7.4659696,1.9292889,5,Emotional Struggles Post-Treatment
1n81nza,7.962794,4.997131,2,Post-Treatment Side Effects
1n8cnp2,6.500503,7.839729,1,Post-Chemo Hair Regrowth
1nacf30,7.9214854,7.413201,1,Post-Chemo Hair Regrowth
1nahcjx,5.6622157,6.6392584,3,Hair Loss & Regrowth Journey
1nb3o28,6.033933,6.977237,1,Post-Chemo Hair Regrowth
1nbwzeh,4.294287,7.4669685,3,Hair Loss & Regrowth Journey
1nbz51z,8.307726,4.82238,2,Post-Treatment Side Effects
1nc07ko,9.672597,3.2895372,2,Post-Treatment Side Effects
1nc0snd,6.0816584,4.454546,5,Emotional Struggles Post-Treatment
1nc9ybv,6.2751713,3.8939507,3,Hair Loss & Regrowth Journey
1nca6a6,6.2497983,3.8751135,3,Hair Loss & Regrowth Journey
1ne8ysu,8.876435,1.4806424,6,Milestones and Survivorship Updates
1ned153,5.587121,5.9868913,1,Post-Chemo Hair Regrowth
1neoxkq,7.5892253,6.8873534,2,Post-Treatment Side Effects
1nevf3f,2.17501,6.212662,4,Chemo Curls Hair Care
1ngc9oa,6.3849964,4.3738704,3,Hair Loss & Regrowth Journey
1ngdw9v,7.679676,7.5428452,1,Post-Chemo Hair Regrowth
1nh37vy,6.4704733,7.526407,1,Post-Chemo Hair Regrowth
1nisujd,8.755179,7.671742,2,Post-Treatment Side Effects
1niwg9v,8.911709,1.1655991,6,Milestones and Survivorship Updates
1nkb6oc,8.548849,5.8774295,1,Post-Chemo Hair Regrowth
1nlk17e,8.347918,6.452786,1,Post-Chemo Hair Regrowth
1nlm1pg,9.24444,2.4175344,2,Post-Treatment Side Effects
1nlproa,9.078014,1.93689,6,Milestones and Survivorship Updates
1nmq5l3,9.408075,2.7161145,2,Post-Treatment Side Effects
1nmy2ia,9.533058,1.263329,6,Milestones and Survivorship Updates
1noaci8,10.488268,2.474034,6,Milestones and Survivorship Updates
1nokz6r,9.263391,4.10847,2,Post-Treatment Side Effects
1npkwd8,7.3298936,2.2698312,5,Emotional Struggles Post-Treatment
1npl0tz,6.4064684,6.918699,1,Post-Chemo Hair Regrowth
1npzt63,10.3321705,2.4755988,6,Milestones and Survivorship Updates
1nqe4io,3.060071,6.4084826,4,Chemo Curls Hair Care
1nqidg4,9.386651,3.106166,2,Post-Treatment Side Effects
1nqj6os,7.88384,5.137116,1,Post-Chemo Hair Regrowth
1nqkkxd,10.220673,3.2186732,2,Post-Treatment Side Effects
1nqmpsw,1.8950531,6.4524355,4,Chemo Curls Hair Care
1nr0u3q,4.8577137,7.8515577,1,Post-Chemo Hair Regrowth
1nr6myl,6.0062094,4.8091054,3,Hair Loss & Regrowth Journey
1nrfkt8,7.111101,5.469536,3,Hair Loss & Regrowth Journey
1nrhk8h,8.833696,1.0624306,6,Milestones and Survivorship Updates
1nrnjc2,4.7693067,4.8534765,3,Hair Loss & Regrowth Journey
1nsetr6,8.792032,1.3031781,6,Milestones and Survivorship Updates
1nsyrl7,7.4493794,2.3530116,5,Emotional Struggles Post-Treatment
1nu2hu7,8.482081,5.8283067,1,Post-Chemo Hair Regrowth
1nu7qoh,10.245328,1.9609067,6,Milestones and Survivorship Updates
1nuvoo8,7.9769897,5.413229,1,Post-Chemo Hair Regrowth
1nw72w2,7.900571,2.5768487,5,Emotional Struggles Post-Treatment
1nwoqit,9.196397,2.9456885,6,Milestones and Survivorship Updates
1nxcg1k,4.165747,6.3243837,3,Hair Loss & Regrowth Journey
1nxu08w,7.922493,5.2300835,1,Post-Chemo Hair Regrowth
1nys15o,7.981779,4.9738045,2,Post-Treatment Side Effects
1nytimt,8.879358,4.752645,2,Post-Treatment Side Effects
1nz2jwm,3.2364986,5.221651,4,Chemo Curls Hair Care
1o0w204,9.319237,4.685117,2,Post-Treatment Side Effects
1o0xo67,8.037964,1.9439932,5,Emotional Struggles Post-Treatment
1o1gs62,4.0251856,6.5661287,3,Hair Loss & Regrowth Journey
1o2ecsh,6.0208225,8.17543,1,Post-Chemo Hair Regrowth
1o3e8wj,7.94893,2.538444,2,Post-Treatment Side Effects
1o5a1i8,7.4532495,2.0070581,5,Emotional Struggles Post-Treatment
1o5pf46,8.705864,7.9607735,1,Post-Chemo Hair Regrowth
1o5qpj7,9.093439,2.5944023,2,Post-Treatment Side Effects
1o650er,9.393684,1.38643,6,Milestones and Survivorship Updates
1o67q3z,6.299435,7.3432326,1,Post-Chemo Hair Regrowth
1o6kd54,8.933391,4.1896214,2,Post-Treatment Side Effects
1o74qs2,3.152845,5.0874662,4,Chemo Curls Hair Care
1o7icmj,9.441581,1.7423435,6,Milestones and Survivorship Updates
1o7k5ck,7.832808,6.4840345,1,Post-Chemo Hair Regrowth
1o84cpa,7.709802,5.781148,1,Post-Chemo Hair Regrowth
1o9g4wj,4.8800054,4.181741,6,Milestones and Survivorship Updates
1o9p05x,7.9878187,1.6559148,5,Emotional Struggles Post-Treatment
1oac7ft,8.418812,3.5956297,2,Post-Treatment Side Effects
1ocdzlc,3.7705,6.593557,4,Chemo Curls Hair Care
1octr70,6.8950033,7.6143675,1,Post-Chemo Hair Regrowth
1odnyst,6.5653925,7.3677516,1,Post-Chemo Hair Regrowth
1oefzuf,7.7505774,2.7016032,5,Emotional Struggles Post-Treatment
1oetkq3,6.7644167,6.483318,1,Post-Chemo Hair Regrowth
1ogkyp7,8.484285,4.1014104,2,Post-Treatment Side Effects
1ogwtbp,8.325105,5.7348866,1,Post-Chemo Hair Regrowth
1ohn72e,9.268219,2.4586742,6,Milestones and Survivorship Updates
1oj08uc,5.668518,7.263142,1,Post-Chemo Hair Regrowth
1ojov64,6.2907767,6.7110114,1,Post-Chemo Hair Regrowth
1okcno9,7.344953,2.1585207,5,Emotional Struggles Post-Treatment
1oki6hl,8.14266,3.7308543,5,Emotional Struggles Post-Treatment
1olcnjv,4.682402,4.7982426,3,Hair Loss & Regrowth Journey
1olkwme,4.2346215,6.4283295,3,Hair Loss & Regrowth Journey
1om5ju1,2.504749,6.2312965,4,Chemo Curls Hair Care
1ompilm,6.403323,7.954859,1,Post-Chemo Hair Regrowth
1onndeg,4.6578846,7.6507254,1,Post-Chemo Hair Regrowth
1ookikx,8.500813,2.7445576,5,Emotional Struggles Post-Treatment
1opaz7s,2.6953733,5.2954025,4,Chemo Curls Hair Care
1opclky,10.014361,2.8404303,2,Post-Treatment Side Effects
1opt3rj,6.091887,7.242368,1,Post-Chemo Hair Regrowth
1opuogr,8.833949,4.6773496,5,Emotional Struggles Post-Treatment
1or0tqu,9.14548,3.5865512,2,Post-Treatment Side Effects
1otax8t,8.047081,1.874743,5,Emotional Struggles Post-Treatment
1otcmsm,7.6061068,2.855937,5,Emotional Struggles Post-Treatment
1ouebdk,8.62405,5.350507,2,Post-Treatment Side Effects
1outrbq,8.350284,4.1284075,2,Post-Treatment Side Effects
1ov5ex0,3.8497608,7.077179,4,Chemo Curls Hair Care
1ov65e2,5.7910285,4.6031246,3,Hair Loss & Regrowth Journey
1ovb6w5,10.283235,2.6552973,6,Milestones and Survivorship Updates
1owp9ev,6.3843307,5.1013417,3,Hair Loss & Regrowth Journey
1oxy0op,5.7920547,5.785336,2,Post-Treatment Side Effects
1oy6t0p,8.406776,5.8154817,1,Post-Chemo Hair Regrowth
1oygpg6,3.374155,6.5929756,4,Chemo Curls Hair Care
1oyq3ul,2.0091898,6.8026767,4,Chemo Curls Hair Care
1ozfxip,5.7064033,7.720843,1,Post-Chemo Hair Regrowth
1ozrafy,5.9805684,6.5392013,3,Hair Loss & Regrowth Journey
1p0zqvs,6.6821017,8.33829,1,Post-Chemo Hair Regrowth
1p1aylq,7.9501166,5.1053634,1,Post-Chemo Hair Regrowth
1p1cv9r,9.686035,2.4972823,2,Post-Treatment Side Effects
1p20u5m,9.950972,1.9033276,6,Milestones and Survivorship Updates
1p3hp46,9.521561,4.268515,1,Post-Chemo Hair Regrowth
1p3kap1,3.8863955,5.145624,4,Chemo Curls Hair Care
1p446q7,4.5501513,7.542072,1,Post-Chemo Hair Regrowth
1p51z4k,10.401967,3.03484,2,Post-Treatment Side Effects
1p650no,6.233429,4.124515,3,Hair Loss & Regrowth Journey
1p6855y,6.77802,7.879395,1,Post-Chemo Hair Regrowth
1p6tj1q,7.1106567,7.0183387,1,Post-Chemo Hair Regrowth
1p776u9,8.359357,4.9751906,2,Post-Treatment Side Effects
1p7sdim,8.088771,1.4623419,5,Emotional Struggles Post-Treatment
1p8f7fi,7.226007,5.8049135,3,Hair Loss & Regrowth Journey
1p9c1ya,8.991499,2.670507,6,Milestones and Survivorship Updates
1p9cp33,6.3457355,5.0807624,3,Hair Loss & Regrowth Journey
1p9dv4l,8.016216,7.304747,1,Post-Chemo Hair Regrowth
1p9vaa9,5.1696053,7.52748,1,Post-Chemo Hair Regrowth
1pavmjo,3.9788048,6.814598,3,Hair Loss & Regrowth Journey
1pb6vn0,7.3148,3.0262897,5,Emotional Struggles Post-Treatment
1pbeugc,3.2912393,5.4253926,4,Chemo Curls Hair Care
1pbqtqi,7.481586,1.9831573,5,Emotional Struggles Post-Treatment
1pbry68,9.50579,3.3522568,2,Post-Treatment Side Effects
1pbtq75,2.234006,6.780051,4,Chemo Curls Hair Care
1pcrme4,9.444972,1.8160852,6,Milestones and Survivorship Updates
1pct27h,6.8171005,8.70143,1,Post-Chemo Hair Regrowth
1pdw6qd,9.014451,2.2044783,6,Milestones and Survivorship Updates
1pdzvt0,6.0092497,5.9318666,1,Post-Chemo Hair Regrowth
1pe2u7x,6.171445,5.6061773,3,Hair Loss & Regrowth Journey
1pedb9u,8.6535225,6.4207444,1,Post-Chemo Hair Regrowth
1pfdwki,6.8101096,6.2297225,1,Post-Chemo Hair Regrowth
1pfhvff,7.1756673,3.1509843,5,Emotional Struggles Post-Treatment
1pfno76,9.944111,2.0385513,6,Milestones and Survivorship Updates
1pgcop7,5.7459555,5.6859226,2,Post-Treatment Side Effects
1pglslf,5.732484,5.77796,2,Post-Treatment Side Effects
1pgmdyg,5.718217,5.8178067,3,Hair Loss & Regrowth Journey
1phf2tm,8.525605,4.1878552,2,Post-Treatment Side Effects
1phk4mv,6.2330527,7.214575,1,Post-Chemo Hair Regrowth
1phm6lj,6.841286,7.4617863,1,Post-Chemo Hair Regrowth
1phopsk,9.103438,2.217036,2,Post-Treatment Side Effects
1pi085g,8.360025,7.3344426,1,Post-Chemo Hair Regrowth
1pi3bsb,6.9712834,8.181558,1,Post-Chemo Hair Regrowth
1pig9vx,10.667869,2.9683297,6,Milestones and Survivorship Updates
1pj18mh,8.603463,5.7814803,1,Post-Chemo Hair Regrowth
1pkfbab,8.523411,5.942737,1,Post-Chemo Hair Regrowth
1pkzeif,2.6526604,6.3595753,4,Chemo Curls Hair Care
1pn8xf5,8.646467,6.264882,1,Post-Chemo Hair Regrowth
1pnb5fa,3.3555002,6.565179,4,Chemo Curls Hair Care
1po23qw,4.187293,7.508657,3,Hair Loss & Regrowth Journey
1po59hv,6.384578,6.9899898,1,Post-Chemo Hair Regrowth
1ppdga5,3.895562,6.6291523,4,Chemo Curls Hair Care
1ppngri,8.434317,7.326504,1,Post-Chemo Hair Regrowth
1pptv18,9.208146,4.667131,5,Emotional Struggles Post-Treatment
1pqhb68,7.602862,1.8683559,5,Emotional Struggles Post-Treatment
1pqmnmd,6.4119234,5.812871,2,Post-Treatment Side Effects
1prp1pb,8.582283,1.085396,5,Emotional Struggles Post-Treatment
1psrp7a,7.8175135,5.960331,2,Post-Treatment Side Effects
1pt2p3e,8.937684,1.0648638,6,Milestones and Survivorship Updates
1ptawfb,7.9116807,2.4413664,5,Emotional Struggles Post-Treatment
1pu9uik,2.774701,6.2899733,4,Chemo Curls Hair Care
1pvot8x,4.81623,7.9489765,1,Post-Chemo Hair Regrowth
1pw6hzk,8.693283,6.4165654,1,Post-Chemo Hair Regrowth
1pw99bg,8.38761,6.575359,1,Post-Chemo Hair Regrowth
1pwdw8o,7.5611076,6.686556,1,Post-Chemo Hair Regrowth
1pwmdz5,7.526144,2.3090718,5,Emotional Struggles Post-Treatment
1px690q,7.6530724,2.5045662,5,Emotional Struggles Post-Treatment
1pxews7,6.6252484,7.848147,1,Post-Chemo Hair Regrowth
1pxpznt,6.177904,7.061415,1,Post-Chemo Hair Regrowth
1pxsr21,8.881503,3.779068,2,Post-Treatment Side Effects
1pyyusf,7.5849066,1.9115832,5,Emotional Struggles Post-Treatment
1pzaji5,6.8859754,7.1001697,1,Post-Chemo Hair Regrowth
1pzdc34,8.236936,4.358339,2,Post-Treatment Side Effects
1pzw13c,5.790404,7.79834,1,Post-Chemo Hair Regrowth
1q06dbr,7.0334415,6.968652,1,Post-Chemo Hair Regrowth
1q1se5z,7.1543446,7.612049,1,Post-Chemo Hair Regrowth
1q1tqy5,7.605918,5.5749736,2,Post-Treatment Side Effects
1q1x2jm,6.9296565,7.680449,1,Post-Chemo Hair Regrowth
1q1zo6d,7.4905424,2.7811608,5,Emotional Struggles Post-Treatment
1q23im2,6.2208734,5.6161804,3,Hair Loss & Regrowth Journey
1q2ahzb,2.8100104,6.4688263,4,Chemo Curls Hair Care
1q2kikj,4.3026023,4.792499,3,Hair Loss & Regrowth Journey
1q3v2pq,10.54371,2.9743795,6,Milestones and Survivorship Updates
1q4wkym,10.545732,2.747035,6,Milestones and Survivorship Updates
1q4xlv1,9.7227,2.0956345,6,Milestones and Survivorship Updates
1q5lfhh,8.47465,7.772497,1,Post-Chemo Hair Regrowth
1q5lyyb,3.2314777,5.3746934,4,Chemo Curls Hair Care
1q5vcmf,7.578914,1.8485591,5,Emotional Struggles Post-Treatment
1q74hkt,8.027209,2.6730642,5,Emotional Struggles Post-Treatment
1q7q0p3,8.684629,6.3022485,1,Post-Chemo Hair Regrowth
1q7qync,9.105385,1.1753438,6,Milestones and Survivorship Updates
1q88aqh,6.6839137,8.476393,1,Post-Chemo Hair Regrowth
1q8pms0,7.6349406,2.3699818,5,Emotional Struggles Post-Treatment
1q8u4uz,4.1036997,7.420158,3,Hair Loss & Regrowth Journey
1qb1tsy,8.069981,2.9369476,5,Emotional Struggles Post-Treatment
1qbszi5,5.6266994,5.761833,3,Hair Loss & Regrowth Journey
1qc7iqu,7.837377,7.553117,1,Post-Chemo Hair Regrowth
1qcjile,10.247775,2.5085645,2,Post-Treatment Side Effects
1qcon1j,6.095965,6.0286207,1,Post-Chemo Hair Regrowth
1qcrlii,9.043473,1.1594197,6,Milestones and Survivorship Updates
1qejf0i,9.6399555,3.0716844,2,Post-Treatment Side Effects
1qews80,7.4252934,2.2404897,5,Emotional Struggles Post-Treatment
1qfcwua,7.8517876,2.5516474,5,Emotional Struggles Post-Treatment
1qfnvuf,5.8540196,5.902235,2,Post-Treatment Side Effects
1qgaqjb,4.3576074,4.782176,4,Chemo Curls Hair Care
1qi4faz,6.4546757,3.7840853,5,Emotional Struggles Post-Treatment
1qiq18q,5.139217,4.6934934,3,Hair Loss & Regrowth Journey
1qjbvo5,10.3620615,2.887585,6,Milestones and Survivorship Updates
1qkmw48,7.313356,2.5868928,5,Emotional Struggles Post-Treatment
1qkuj39,6.070772,7.100131,1,Post-Chemo Hair Regrowth
1ql0500,5.9214406,6.4298277,1,Post-Chemo Hair Regrowth
1qlcq72,7.890712,6.306884,1,Post-Chemo Hair Regrowth
1qlwwk7,6.5867186,6.8981724,1,Post-Chemo Hair Regrowth
1qns1lu,9.836178,3.3560786,2,Post-Treatment Side Effects
1qo1zuy,7.242918,4.895903,5,Emotional Struggles Post-Treatment
1qoxpra,7.9523625,5.197492,1,Post-Chemo Hair Regrowth
1qoxyoz,4.3808007,5.030917,3,Hair Loss & Regrowth Journey
1qp2bbp,5.4798923,6.2402425,3,Hair Loss & Regrowth Journey
1qpju72,4.1530924,6.5499616,3,Hair Loss & Regrowth Journey
1qppetc,4.0150003,6.552221,3,Hair Loss & Regrowth Journey
1qpqd1g,7.4592113,6.5808377,1,Post-Chemo Hair Regrowth
1qpt7oz,8.155884,2.702091,5,Emotional Struggles Post-Treatment
1qpyxma,9.44793,4.0297217,2,Post-Treatment Side Effects
1qq1cwb,7.7891426,2.6848395,5,Emotional Struggles Post-Treatment
1qqawps,2.267944,6.17028,4,Chemo Curls Hair Care
1qs7q13,9.731499,2.282806,2,Post-Treatment Side Effects
1qskbi5,6.0493116,5.925361,3,Hair Loss & Regrowth Journey
1qt0me1,5.3917503,5.508873,3,Hair Loss & Regrowth Journey
1qt3ley,1.8203082,6.8223495,4,Chemo Curls Hair Care
1qt6fnl,8.709323,3.9052486,2,Post-Treatment Side Effects
1qusqw5,9.371518,2.1741145,6,Milestones and Survivorship Updates
1quxcat,2.479923,6.3856835,4,Chemo Curls Hair Care
1qvbsca,7.886121,2.5674787,5,Emotional Struggles Post-Treatment
1qvvvym,5.572269,5.720476,3,Hair Loss & Regrowth Journey
1qwmyab,6.4317966,5.3375077,3,Hair Loss & Regrowth Journey
1qwy8ea,6.181762,5.7088685,3,Hair Loss & Regrowth Journey
1qx4dtj,8.157456,4.097846,2,Post-Treatment Side Effects
1r054pq,2.7953799,6.1179576,4,Chemo Curls Hair Care
1r1bvm9,1.7393563,6.581861,4,Chemo Curls Hair Care
1r1dtsw,3.797605,6.4073973,4,Chemo Curls Hair Care
1r22ak2,8.625558,1.535885,5,Emotional Struggles Post-Treatment
1r2f7ty,5.985882,4.59961,3,Hair Loss & Regrowth Journey
1r35xti,2.1076574,6.4471664,4,Chemo Curls Hair Care
1r4o0r8,5.618113,7.8830166,1,Post-Chemo Hair Regrowth
1r4x4ir,9.686637,2.451876,6,Milestones and Survivorship Updates
1r5thcb,2.3837543,6.3431787,4,Chemo Curls Hair Care
1r7ggov,7.605966,2.3333986,5,Emotional Struggles Post-Treatment
1r97lva,8.0077305,4.9068537,2,Post-Treatment Side Effects
1ramzc8,9.625754,3.361951,2,Post-Treatment Side Effects
1rbo5ir,9.35896,4.1067863,2,Post-Treatment Side Effects
1rbppoi,7.4294195,2.4927547,5,Emotional Struggles Post-Treatment
1rbvw9y,10.602053,3.0531557,2,Post-Treatment Side Effects
1rca2z6,7.7803497,1.8191712,5,Emotional Struggles Post-Treatment
1rcrz6l,4.5276723,4.818799,3,Hair Loss & Regrowth Journey
1rdfszb,3.3833003,6.1860294,4,Chemo Curls Hair Care
1rdicg1,7.9786916,3.583285,5,Emotional Struggles Post-Treatment
1rdz0y6,7.6395564,6.1172996,1,Post-Chemo Hair Regrowth
1re45ix,4.7868814,4.6677027,3,Hair Loss & Regrowth Journey
1re60xv,6.692825,6.6960983,1,Post-Chemo Hair Regrowth
1rebcth,6.1773357,7.726002,1,Post-Chemo Hair Regrowth
1reeofk,9.119975,2.7816997,5,Emotional Struggles Post-Treatment
1rejb1n,5.833877,7.99657,1,Post-Chemo Hair Regrowth
1rexa81,9.906215,1.8055978,6,Milestones and Survivorship Updates
1rf3xcs,6.712841,5.8487062,1,Post-Chemo Hair Regrowth
1rgbunf,7.4999003,5.9864717,3,Hair Loss & Regrowth Journey
1rge7x7,3.9285824,5.716438,4,Chemo Curls Hair Care
1rgggdn,4.623059,6.3638005,1,Post-Chemo Hair Regrowth
1rghy0m,5.6908092,5.83313,3,Hair Loss & Regrowth Journey
1rgper8,6.077568,7.86089,1,Post-Chemo Hair Regrowth
1rgudje,5.974526,7.9504943,1,Post-Chemo Hair Regrowth
1rheamt,6.8614597,3.2413983,5,Emotional Struggles Post-Treatment
1ricci1,8.4419775,5.8157644,1,Post-Chemo Hair Regrowth
1rikrnv,6.2953377,6.9004803,1,Post-Chemo Hair Regrowth
1rj4fij,7.6376767,2.7583554,5,Emotional Struggles Post-Treatment
1rjf8dn,4.52205,6.44285,3,Hair Loss & Regrowth Journey
1rk0g11,6.5975447,3.6664639,5,Emotional Struggles Post-Treatment
1rk3lq5,7.6140633,2.5726101,5,Emotional Struggles Post-Treatment
1rk5k0s,8.867241,2.1801236,5,Emotional Struggles Post-Treatment
1rk5puy,8.870957,2.1726468,5,Emotional Struggles Post-Treatment
1rk7zav,8.792396,2.1626418,5,Emotional Struggles Post-Treatment
1rkarj5,8.007615,6.384141,1,Post-Chemo Hair Regrowth
1rkcyq6,7.6827455,6.3967714,3,Hair Loss & Regrowth Journey
1rkeydc,8.981701,5.2329006,1,Post-Chemo Hair Regrowth
1rkrju1,5.970808,6.710788,1,Post-Chemo Hair Regrowth
1rkxkk5,10.045588,2.5710208,6,Milestones and Survivorship Updates
1rl5tr2,8.189956,6.1624503,1,Post-Chemo Hair Regrowth
1rm6zfg,8.679864,1.0245613,6,Milestones and Survivorship Updates
1rmd1a8,3.9772055,6.730168,3,Hair Loss & Regrowth Journey
1rmmjqh,7.778387,2.3024597,5,Emotional Struggles Post-Treatment
1ro50ed,2.3492146,6.845919,4,Chemo Curls Hair Care
1roc5sr,9.262424,3.3046038,2,Post-Treatment Side Effects
1rp3puf,5.5954914,7.76494,1,Post-Chemo Hair Regrowth
1rpnd3u,7.478935,2.702027,5,Emotional Struggles Post-Treatment
1rqrax1,6.0769153,5.6020303,3,Hair Loss & Regrowth Journey
1rr3325,1.979026,6.5053916,4,Chemo Curls Hair Care
1rrf7dg,2.2098582,6.9603443,4,Chemo Curls Hair Care
1ruh15k,9.319533,2.7415967,6,Milestones and Survivorship Updates
1ruywct,7.35508,2.2636375,5,Emotional Struggles Post-Treatment
1rvidpo,9.3973675,3.685026,2,Post-Treatment Side Effects
1rw82c2,10.075776,2.2940536,6,Milestones and Survivorship Updates
1rwanzz,9.696014,3.6405401,2,Post-Treatment Side Effects
1rwcvmf,3.673238,5.524666,4,Chemo Curls Hair Care
1rxagrv,3.8012502,5.056979,4,Chemo Curls Hair Care
1rxg8ww,8.778052,2.1167266,5,Emotional Struggles Post-Treatment
1rxqf14,9.026845,1.1636565,6,Milestones and Survivorship Updates
1rz1v4z,3.7920501,6.6401014,3,Hair Loss & Regrowth Journey
1rzexe7,8.44453,4.258919,2,Post-Treatment Side Effects
1rzuagg,8.092402,4.8287277,2,Post-Treatment Side Effects
1s09n8k,5.764464,7.9125443,1,Post-Chemo Hair Regrowth
1s2g9nk,7.2007756,6.614143,1,Post-Chemo Hair Regrowth
1s2hoc4,10.39996,3.121089,6,Milestones and Survivorship Updates
1s2ml39,10.505084,3.075004,6,Milestones and Survivorship Updates
1s3vk2e,4.6548195,4.5453534,3,Hair Loss & Regrowth Journey
1s4seb1,8.3399105,2.197667,5,Emotional Struggles Post-Treatment
1s5bf6p,7.256256,2.2709587,5,Emotional Struggles Post-Treatment
1s5bonq,5.702954,5.767267,2,Post-Treatment Side Effects
1s5dh7w,4.9540052,5.997029,3,Hair Loss & Regrowth Journey
1s5log4,4.395426,7.5093265,1,Post-Chemo Hair Regrowth
1s63bxb,8.182928,3.881917,2,Post-Treatment Side Effects
1s66n2f,9.059357,3.8678768,2,Post-Treatment Side Effects
1s6nuho,4.5777082,5.0374207,3,Hair Loss & Regrowth Journey
1s6x6qr,10.570737,2.6977677,6,Milestones and Survivorship Updates
1s6zqmn,6.2901473,6.445143,1,Post-Chemo Hair Regrowth
1s953aq,7.605657,2.0354881,5,Emotional Struggles Post-Treatment
1sb0sp4,5.5308113,5.8730364,3,Hair Loss & Regrowth Journey
1scafyi,7.9374757,6.6293125,1,Post-Chemo Hair Regrowth
1scrh3g,3.9720204,6.156399,4,Chemo Curls Hair Care
1sdd31u,7.098293,5.345902,3,Hair Loss & Regrowth Journey
1se26zm,5.803218,7.7754846,1,Post-Chemo Hair Regrowth
1sezs0w,4.174589,7.553954,3,Hair Loss & Regrowth Journey
1sf8tf3,6.2320457,4.7509265,3,Hair Loss & Regrowth Journey
1sf9vo4,9.115866,2.726202,5,Emotional Struggles Post-Treatment
1sg46s2,7.522117,3.1072752,5,Emotional Struggles Post-Treatment
1sgms21,2.3853014,6.4371123,4,Chemo Curls Hair Care
1sgs5xo,7.6863256,3.0851269,5,Emotional Struggles Post-Treatment
1sh297r,2.0151722,6.28944,4,Chemo Curls Hair Care
1si1kzf,2.9793127,5.7918305,4,Chemo Curls Hair Care
1sinv0d,6.749722,5.966293,3,Hair Loss & Regrowth Journey
1sjc3vv,3.2441454,5.190927,4,Chemo Curls Hair Care
1sjp8f3,8.416899,6.4806714,1,Post-Chemo Hair Regrowth
1skpv9l,7.1768656,5.4487333,3,Hair Loss & Regrowth Journey
1slrj8n,6.1859355,4.731085,3,Hair Loss & Regrowth Journey
1sm1uk3,5.5044575,4.246948,3,Hair Loss & Regrowth Journey
1snf5ij,1.873574,6.486254,4,Chemo Curls Hair Care
1snfq5b,7.9167705,3.5179243,5,Emotional Struggles Post-Treatment
1snl89n,6.0759125,6.3735743,3,Hair Loss & Regrowth Journey
50hgax,6.606776,6.8479757,1,Post-Chemo Hair Regrowth
956ddx,7.2264457,8.034446,1,Post-Chemo Hair Regrowth
9jw77e,2.668614,6.1203017,4,Chemo Curls Hair Care
acnrrr,7.019014,8.503404,1,Post-Chemo Hair Regrowth
c6uix3,4.892006,7.9136834,1,Post-Chemo Hair Regrowth
cjwdk5,7.395285,7.7830043,1,Post-Chemo Hair Regrowth
dr2jhe,8.433852,5.9677663,1,Post-Chemo Hair Regrowth
e5kjgh,10.465343,2.7582052,6,Milestones and Survivorship Updates
eipwpi,9.511891,3.9148319,1,Post-Chemo Hair Regrowth
eizw84,5.4792333,7.5741754,1,Post-Chemo Hair Regrowth
ej2lcn,6.4288497,4.9018893,3,Hair Loss & Regrowth Journey
ej7awj,6.7489448,6.60389,1,Post-Chemo Hair Regrowth
ek8uqq,5.9218516,7.3073354,1,Post-Chemo Hair Regrowth
eqa5j4,4.157357,4.957491,3,Hair Loss & Regrowth Journey
etgin8,9.879195,1.9081577,6,Milestones and Survivorship Updates
f0ns53,2.043617,6.5100317,4,Chemo Curls Hair Care
fa4p5p,5.129624,7.2410364,1,Post-Chemo Hair Regrowth
fa8aqc,10.386617,2.0397024,6,Milestones and Survivorship Updates
fadw4t,9.442708,2.396273,2,Post-Treatment Side Effects
fbjr44,8.548917,2.4605908,5,Emotional Struggles Post-Treatment
fbud6y,6.757551,8.481365,1,Post-Chemo Hair Regrowth
fcneys,5.5888405,7.288139,1,Post-Chemo Hair Regrowth
fyl4zh,8.125584,2.0979586,5,Emotional Struggles Post-Treatment
fzkfmh,6.510285,4.2183285,3,Hair Loss & Regrowth Journey
g0z5nj,9.245246,2.2637978,2,Post-Treatment Side Effects
g17kwl,8.253954,7.470592,3,Hair Loss & Regrowth Journey
g48mag,1.983285,6.638686,4,Chemo Curls Hair Care
g5c2k5,4.3585753,4.9260387,3,Hair Loss & Regrowth Journey
g6skxz,6.172531,8.164199,1,Post-Chemo Hair Regrowth
g7cuzl,6.859586,7.430507,1,Post-Chemo Hair Regrowth
g87fbn,2.7047424,5.9571614,4,Chemo Curls Hair Care
ga82v2,7.7238264,5.147851,2,Post-Treatment Side Effects
gaaskg,2.9796672,6.210823,4,Chemo Curls Hair Care
gd06ki,2.5505607,5.6959596,4,Chemo Curls Hair Care
gisuzk,5.580244,8.125617,1,Post-Chemo Hair Regrowth
gm5x0s,4.844054,7.134288,4,Chemo Curls Hair Care
gu8t0j,8.329679,2.1319792,5,Emotional Struggles Post-Treatment
gvhhjk,2.3641522,6.227439,4,Chemo Curls Hair Care
gy5bxf,7.652689,7.674732,1,Post-Chemo Hair Regrowth
gymbvr,7.032741,7.0116878,1,Post-Chemo Hair Regrowth
h7y2ou,6.998638,8.158013,1,Post-Chemo Hair Regrowth
hbuc7i,4.2560625,7.499535,1,Post-Chemo Hair Regrowth
heui8d,8.625698,7.471381,3,Hair Loss & Regrowth Journey
hhx5yr,9.88087,1.9696189,6,Milestones and Survivorship Updates
hl8t10,8.360816,7.5609217,1,Post-Chemo Hair Regrowth
hqdkx9,6.5439005,7.2178197,1,Post-Chemo Hair Regrowth
htaba8,6.049312,3.982918,3,Hair Loss & Regrowth Journey
hupc8f,3.0571334,5.568916,4,Chemo Curls Hair Care
hwkkug,7.971932,6.367495,3,Hair Loss & Regrowth Journey
hwklgy,7.959048,6.161254,3,Hair Loss & Regrowth Journey
hwsam8,2.9018815,5.9254375,4,Chemo Curls Hair Care
i50jz6,8.872099,1.9266483,6,Milestones and Survivorship Updates
i6j2cq,5.4043484,7.9408793,1,Post-Chemo Hair Regrowth
i81ymv,2.0824318,6.3969083,4,Chemo Curls Hair Care
ias2xu,3.5255966,6.2838116,4,Chemo Curls Hair Care
ihrtiz,8.065761,7.020657,1,Post-Chemo Hair Regrowth
ip5zdc,6.3355794,4.081361,3,Hair Loss & Regrowth Journey
ip64qf,8.038783,5.2649856,3,Hair Loss & Regrowth Journey
ipfgpl,10.671141,2.7622023,6,Milestones and Survivorship Updates
ir0n2d,9.273735,2.035921,6,Milestones and Survivorship Updates
ivd7zo,8.676878,2.1233585,6,Milestones and Survivorship Updates
ixmql8,6.42559,5.278135,3,Hair Loss & Regrowth Journey
iy0do0,4.7177434,7.4907703,1,Post-Chemo Hair Regrowth
izl284,5.7260523,7.6366763,1,Post-Chemo Hair Regrowth
j03riz,6.4462814,8.538041,1,Post-Chemo Hair Regrowth
j03u29,6.4462523,8.542306,1,Post-Chemo Hair Regrowth
j8retu,7.9475913,6.441486,1,Post-Chemo Hair Regrowth
jc4emc,2.7034488,6.4739285,4,Chemo Curls Hair Care
jgr6rs,2.991399,6.031783,4,Chemo Curls Hair Care
jnqlto,5.6050043,7.114425,3,Hair Loss & Regrowth Journey
jtqpxf,6.389835,8.736652,1,Post-Chemo Hair Regrowth
juzkt6,5.580432,4.870363,3,Hair Loss & Regrowth Journey
k3hmwf,3.9461877,5.833056,1,Post-Chemo Hair Regrowth
kcs99y,9.298688,5.814174,1,Post-Chemo Hair Regrowth
kjdhv3,7.2277946,7.579415,1,Post-Chemo Hair Regrowth
kpb7uq,6.720829,6.9793177,1,Post-Chemo Hair Regrowth
ku84aa,6.805859,7.631148,1,Post-Chemo Hair Regrowth
kvl2g7,9.975584,1.5248371,6,Milestones and Survivorship Updates
l3wwd3,9.379415,5.253925,2,Post-Treatment Side Effects
l4g5to,3.0848334,5.3304443,4,Chemo Curls Hair Care
l8qd9j,2.9636064,5.227749,4,Chemo Curls Hair Care
l9qnvr,2.4982333,6.244569,4,Chemo Curls Hair Care
lgkekm,4.5399494,7.704938,4,Chemo Curls Hair Care
li7mx4,7.570578,2.3318307,5,Emotional Struggles Post-Treatment
ll9nk0,6.5698695,8.805919,1,Post-Chemo Hair Regrowth
lniobw,4.0287604,7.3187237,4,Chemo Curls Hair Care
lr5e8u,10.555402,2.2619123,2,Post-Treatment Side Effects
ls81kf,9.630292,2.7327123,2,Post-Treatment Side Effects
ltiomm,7.5406547,7.787308,1,Post-Chemo Hair Regrowth
lttggt,7.046552,7.792328,1,Post-Chemo Hair Regrowth
lvranx,7.7338395,6.9706492,1,Post-Chemo Hair Regrowth
lvud5w,8.772638,2.9853847,3,Hair Loss & Regrowth Journey
lyuscf,8.407896,7.377285,3,Hair Loss & Regrowth Journey
m1sszk,4.638076,7.6827726,1,Post-Chemo Hair Regrowth
m2dzoi,8.438985,1.0826695,6,Milestones and Survivorship Updates
m3jhjz,8.327957,1.0993196,5,Emotional Struggles Post-Treatment
m5nn04,9.698678,1.5767381,6,Milestones and Survivorship Updates
maok5e,8.252693,2.0915728,5,Emotional Struggles Post-Treatment
maxwyb,7.5431566,6.7615347,1,Post-Chemo Hair Regrowth
mg0xnl,3.4412682,5.5279293,4,Chemo Curls Hair Care
mg3ami,7.74348,3.5511882,5,Emotional Struggles Post-Treatment
ml0ihl,2.673697,6.43866,4,Chemo Curls Hair Care
mltutg,7.4816422,7.4744396,1,Post-Chemo Hair Regrowth
mwh85c,5.183629,4.338208,3,Hair Loss & Regrowth Journey
n3erfz,6.581434,6.78809,1,Post-Chemo Hair Regrowth
n5j3o2,6.095239,8.275337,1,Post-Chemo Hair Regrowth
nanxc1,3.277469,5.253583,4,Chemo Curls Hair Care
nc993y,6.795395,8.589155,1,Post-Chemo Hair Regrowth
nftyl1,6.4238653,8.090055,1,Post-Chemo Hair Regrowth
ngln9g,1.8456877,6.471368,4,Chemo Curls Hair Care
nip3c9,10.118831,1.9390187,6,Milestones and Survivorship Updates
nk7oyj,6.4880934,5.2525506,3,Hair Loss & Regrowth Journey
nlsjo2,4.3334093,5.5172563,3,Hair Loss & Regrowth Journey
nm52v7,8.374441,2.605095,5,Emotional Struggles Post-Treatment
nskv49,9.835946,2.571988,2,Post-Treatment Side Effects
nt4vyo,9.681732,1.3092153,6,Milestones and Survivorship Updates
nxt9ab,10.376246,2.4632752,6,Milestones and Survivorship Updates
o54w5s,9.299256,4.906995,2,Post-Treatment Side Effects
oj6g0e,3.0789287,5.521792,4,Chemo Curls Hair Care
or9lw2,7.7327676,2.2592742,5,Emotional Struggles Post-Treatment
osmjly,8.474237,7.9093184,1,Post-Chemo Hair Regrowth
ozc41r,4.436485,7.74459,1,Post-Chemo Hair Regrowth
p3vqrz,9.292885,1.8603785,6,Milestones and Survivorship Updates
pcu7zu,7.8708506,3.621225,5,Emotional Struggles Post-Treatment
pdydsg,9.349164,5.5016475,2,Post-Treatment Side Effects
pkmbvr,9.245887,4.7336416,2,Post-Treatment Side Effects
pr00k7,2.0318809,6.891083,4,Chemo Curls Hair Care
pu5sq3,6.71093,8.216755,1,Post-Chemo Hair Regrowth
pwz1sf,9.021877,2.1882014,6,Milestones and Survivorship Updates
pz156r,8.871197,7.565768,3,Hair Loss & Regrowth Journey
q3d1a3,6.5169144,8.755169,1,Post-Chemo Hair Regrowth
q501fg,9.86933,2.6728926,6,Milestones and Survivorship Updates
q6ycag,8.694017,7.818673,3,Hair Loss & Regrowth Journey
q9p7ao,10.02256,2.3079062,6,Milestones and Survivorship Updates
qcfxwa,9.768383,1.4030175,6,Milestones and Survivorship Updates
qelk31,8.170864,1.5625162,5,Emotional Struggles Post-Treatment
qgn26k,10.17647,2.2654686,6,Milestones and Survivorship Updates
qh2xe5,4.201299,5.561943,3,Hair Loss & Regrowth Journey
qhcokp,5.7823024,6.5395274,3,Hair Loss & Regrowth Journey
qj5vgz,3.0835133,5.819435,4,Chemo Curls Hair Care
qjc4w2,9.847604,2.5865467,2,Post-Treatment Side Effects
qknzkt,6.1059313,4.2815657,3,Hair Loss & Regrowth Journey
qls70,3.721717,5.7494345,4,Chemo Curls Hair Care
qmp5cv,5.727447,7.9534206,1,Post-Chemo Hair Regrowth
qpzc8j,7.6204495,1.7700483,5,Emotional Struggles Post-Treatment
qtide2,5.979214,8.5009775,1,Post-Chemo Hair Regrowth
qu5kd9,4.036889,6.66712,3,Hair Loss & Regrowth Journey
r5c9to,7.6979227,2.0778341,5,Emotional Struggles Post-Treatment
rb7veu,9.014397,5.1301246,2,Post-Treatment Side Effects
rhchix,9.504336,3.3716676,2,Post-Treatment Side Effects
rl9lla,6.4372044,8.226568,1,Post-Chemo Hair Regrowth
rn0y4i,6.1246023,5.0726776,3,Hair Loss & Regrowth Journey
rr5i2r,9.171343,2.7861996,2,Post-Treatment Side Effects
rwsg8x,6.214396,8.161784,1,Post-Chemo Hair Regrowth
ryfsgz,6.4151607,8.699938,1,Post-Chemo Hair Regrowth
rzawv2,7.1783304,7.6077676,1,Post-Chemo Hair Regrowth
s07dc8,3.2438731,5.190528,4,Chemo Curls Hair Care
s7o3uk,7.946742,1.9665238,5,Emotional Struggles Post-Treatment
sdopew,6.1168113,5.2732596,3,Hair Loss & Regrowth Journey
seg5c6,7.0705476,5.285118,3,Hair Loss & Regrowth Journey
sfkwju,10.094536,2.6118424,2,Post-Treatment Side Effects
sifknc,6.2722673,8.692017,1,Post-Chemo Hair Regrowth
snklcv,3.118614,6.44512,4,Chemo Curls Hair Care
so32zw,7.717486,6.5628986,1,Post-Chemo Hair Regrowth
spce7i,8.301124,2.2955198,5,Emotional Struggles Post-Treatment
swc1fz,6.7191586,8.59663,1,Post-Chemo Hair Regrowth
sxm3j7,5.9549503,3.9420023,5,Emotional Struggles Post-Treatment
t3xyn2,2.7889006,6.631534,4,Chemo Curls Hair Care
ta80hz,6.445465,3.6288083,5,Emotional Struggles Post-Treatment
titux7,1.9595973,6.292262,4,Chemo Curls Hair Care
tt4dkj,3.4440575,6.0552893,4,Chemo Curls Hair Care
tz12ne,7.2403383,7.9014773,1,Post-Chemo Hair Regrowth
u4x3ar,3.4668267,6.3508763,3,Hair Loss & Regrowth Journey
u7qmh6,8.573997,7.3687334,1,Post-Chemo Hair Regrowth
u8r1k6,3.1095521,5.2608128,4,Chemo Curls Hair Care
u9164b,2.7957861,6.683375,4,Chemo Curls Hair Care
uae0du,3.3831255,6.09468,4,Chemo Curls Hair Care
uae305,3.4323788,6.0619497,4,Chemo Curls Hair Care
uchv5o,8.659516,7.8211226,2,Post-Treatment Side Effects
uhzm6w,8.329346,8.111784,1,Post-Chemo Hair Regrowth
urc8qq,6.524768,5.3361855,3,Hair Loss & Regrowth Journey
ut00kc,6.2179236,8.5920925,1,Post-Chemo Hair Regrowth
uu93fx,4.795692,4.490516,3,Hair Loss & Regrowth Journey
uvpc2i,5.7413254,4.342291,3,Hair Loss & Regrowth Journey
uw5lwv,6.390977,7.9573927,1,Post-Chemo Hair Regrowth
v2yiqv,6.9812617,7.6743956,1,Post-Chemo Hair Regrowth
v36aqf,6.3597116,4.7914777,3,Hair Loss & Regrowth Journey
v6zncf,5.702608,7.8212824,1,Post-Chemo Hair Regrowth
v7orz6,7.8101544,2.0912085,5,Emotional Struggles Post-Treatment
v80kir,3.3528352,5.572595,4,Chemo Curls Hair Care
v8c7i0,8.690711,7.9908056,1,Post-Chemo Hair Regrowth
vbvajm,6.1805844,3.906677,3,Hair Loss & Regrowth Journey
vd0rtn,1.7094549,6.7714767,4,Chemo Curls Hair Care
vljugc,6.617805,7.7130394,1,Post-Chemo Hair Regrowth
vm3ntp,8.716817,7.854848,1,Post-Chemo Hair Regrowth
vs4fjc,10.46726,2.086942,2,Post-Treatment Side Effects
vsl0hc,8.402739,4.0767694,2,Post-Treatment Side Effects
vt4hkv,4.2092185,5.8784623,3,Hair Loss & Regrowth Journey
vusqqc,9.639531,2.7463355,2,Post-Treatment Side Effects
vx2wmi,6.548367,7.206924,1,Post-Chemo Hair Regrowth
vxq2oj,6.8375435,4.683583,3,Hair Loss & Regrowth Journey
vzf6co,4.645559,4.715534,3,Hair Loss & Regrowth Journey
vzvjkj,6.648751,7.1385646,1,Post-Chemo Hair Regrowth
w0gkpq,7.4911814,3.9296372,2,Post-Treatment Side Effects
w1pe9m,8.993396,3.4788756,2,Post-Treatment Side Effects
wdm3c0,4.073166,7.316124,3,Hair Loss & Regrowth Journey
wjj2im,8.802456,7.811376,1,Post-Chemo Hair Regrowth
wjtv78,8.234104,6.2392135,2,Post-Treatment Side Effects
wkcd93,6.991515,8.1739645,1,Post-Chemo Hair Regrowth
wl63jq,4.758797,5.1918807,3,Hair Loss & Regrowth Journey
wlxnky,8.215865,5.9549465,2,Post-Treatment Side Effects
wmmqjo,8.489879,7.8733344,1,Post-Chemo Hair Regrowth
wow48d,2.4962976,5.8907156,4,Chemo Curls Hair Care
wpp740,6.7261376,8.568202,1,Post-Chemo Hair Regrowth
wrvd1o,4.0945973,6.7499824,3,Hair Loss & Regrowth Journey
wt2if5,8.54526,7.429647,1,Post-Chemo Hair Regrowth
wurj2e,2.5056837,6.1316895,4,Chemo Curls Hair Care
wxskvh,8.268132,7.672086,1,Post-Chemo Hair Regrowth
x05wek,8.452613,7.9178658,1,Post-Chemo Hair Regrowth
x17mfq,3.453704,5.081359,4,Chemo Curls Hair Care
x2kj02,5.54946,7.8687077,1,Post-Chemo Hair Regrowth
x3koqy,2.0750315,6.8633537,4,Chemo Curls Hair Care
x3oohy,5.668245,8.102174,1,Post-Chemo Hair Regrowth
x4ybsf,2.3615541,6.1169815,4,Chemo Curls Hair Care
x8r0ic,7.662287,2.044062,5,Emotional Struggles Post-Treatment
xb4og4,6.536694,8.177253,1,Post-Chemo Hair Regrowth
xee3v7,7.0822663,7.191788,1,Post-Chemo Hair Regrowth
xhxh6y,6.3849072,8.248154,1,Post-Chemo Hair Regrowth
xigzc8,7.0583243,7.7853346,1,Post-Chemo Hair Regrowth
xmhu1u,1.7685646,6.561576,4,Chemo Curls Hair Care
xmqg1g,2.2584028,6.5038342,4,Chemo Curls Hair Care
xpqboz,10.505288,2.1314404,6,Milestones and Survivorship Updates
xq7298,3.72868,5.797925,4,Chemo Curls Hair Care
y1bjwk,5.7921724,6.8127947,3,Hair Loss & Regrowth Journey
y1qzc8,4.3136716,7.4875436,3,Hair Loss & Regrowth Journey
y3upob,7.5839386,7.818362,1,Post-Chemo Hair Regrowth
y7uam2,3.619573,5.805892,4,Chemo Curls Hair Care
y81svq,4.281423,7.511806,1,Post-Chemo Hair Regrowth
yg0fwg,6.852598,8.792643,2,Post-Treatment Side Effects
ygl5cs,5.8787856,7.7603283,1,Post-Chemo Hair Regrowth
yipt3u,6.8442326,8.242848,1,Post-Chemo Hair Regrowth
yk3mr9,8.855976,4.5839415,2,Post-Treatment Side Effects
ykly4w,2.7088733,5.590643,4,Chemo Curls Hair Care
ykpbbd,8.253153,2.768911,5,Emotional Struggles Post-Treatment
yntxgc,2.6055818,6.3889413,4,Chemo Curls Hair Care
yvgie9,5.9441524,8.164384,1,Post-Chemo Hair Regrowth
yxklwg,10.43712,3.2294693,3,Hair Loss & Regrowth Journey
z1ihfd,5.353023,5.2320895,3,Hair Loss & Regrowth Journey
z5ibaq,9.080087,6.1673603,1,Post-Chemo Hair Regrowth
z6pi09,2.4378104,6.6499996,4,Chemo Curls Hair Care
z9wu6q,5.337936,6.0066195,1,Post-Chemo Hair Regrowth
zahuko,4.669792,6.4706955,3,Hair Loss & Regrowth Journey
zbvf2y,7.6502886,2.3085985,5,Emotional Struggles Post-Treatment
zerxos,3.9797795,6.832206,4,Chemo Curls Hair Care
zhjjhb,9.036894,2.288661,6,Milestones and Survivorship Updates
zl7nv8,8.499591,7.283354,1,Post-Chemo Hair Regrowth
zm6gpq,7.478986,6.6691246,2,Post-Treatment Side Effects
zmrfn0,6.416989,4.782101,3,Hair Loss & Regrowth Journey
ztf0mv,10.732083,2.8593354,6,Milestones and Survivorship Updates
ztympn,9.084557,2.50822,6,Milestones and Survivorship Updates
zvrrbe,7.239881,4.14458,1,Post-Chemo Hair Regrowth
zw6po4,4.985127,6.605377,1,Post-Chemo Hair Regrowth
zwlld5,6.2365274,6.810674,1,Post-Chemo Hair Regrowth
